Motif_location (PDB)	Cluster_id	Subcluster_id	Family_label
5V93_a:831-839	0	0	Unknown hairpin loop
5TBW_1:90-96	1	1	GNRA
4Y4O_2A:246-252	1	1	GNRA
4IOA_X:223-229	1	1	GNRA
3J79_A:90-96	1	1	GNRA
5J7L_DA:487-493	1	1	GNRA
5J7L_DA:246-252	1	1	GNRA
4WF9_X:249-255	1	1	GNRA
5T5H_A:90-96	1	1	Unknown hairpin loop
3J7Q_5:89-95	1	1	Unknown hairpin loop
6ERI_AA:231-237	1	1	Unknown hairpin loop
6HA1_A:249-255	1	1	Unknown hairpin loop
5XXB_1:90-96	1	1	Unknown hairpin loop
6AZ3_1:89-95	1	1	Unknown hairpin loop
6D9J_5:89-95	1	1	Unknown hairpin loop
4V91_1:90-96	1	1	Unknown hairpin loop
5AH5_D:53-61	2	2	TL
3ZGZ_B:53-61	2	2	TL
1H3E_B:53-61	2	3	TL
1F7U_B:953-961	2	2	TL
2DU3_D:952-960	2	3	TL
1WZ2_D:965-973	2	3	TL
1J2B_C:954-962	2	2	TL
4LCK_B:52-60	2	3	TL
2BTE_B:53-61	2	2	TL
1QTQ_B:953-961	2	3	TL
3OVB_C:12-20	2	2	TL
3AMU_B:53-61	2	3	TL
2NR0_E:53-61	2	2	TL
1FIR_A:53-61	2	2	TL
2AKE_B:53-61	2	3	TL
2AZX_D:553-561	2	3	TL
2DER_D:53-61	2	3	TL
1GAX_D:952-960	2	2	TL
4RDX_C:53-61	2	2	TL
1SER_T:53-61	2	3	TL
5HR7_D:52-60	2	3	TL
4V9K_AW:53-61	2	3	TL
5HR6_C:52-60	2	3	TL
1QU2_T:53-61	2	2	TL
5XXB_1:2835-2843	2	2	Unknown hairpin loop
6AZ3_2:1279-1287	2	2	Unknown hairpin loop
4V8N_CV:55-63	2	3	TL
4JXZ_B:953-961	2	3	TL
5VPP_XV:55-63	2	3	Unknown hairpin loop
5IB8_1L:53-61	2	3	Unknown hairpin loop
6HA8_x:53-61	2	2	Unknown hairpin loop
4V5G_AY:53-61	2	3	Unknown hairpin loop
6D9J_5:4417-4425	2	2	Unknown hairpin loop
6D9J_3:64-72	2	2	Unknown hairpin loop
3J7Q_5:4301-4309	2	2	Unknown hairpin loop
5MRC_bb:53-61	2	3	Unknown hairpin loop
3J7Q_5:4417-4425	2	2	Unknown hairpin loop
5E81_3L:53-61	2	3	Unknown hairpin loop
5OPT_E:818-826	2	2	Unknown hairpin loop
6GSL_3L:54-62	2	3	Unknown hairpin loop
6D90_3:64-72	2	2	Unknown hairpin loop
6HA1_x:64-72	2	2	Unknown hairpin loop
4WSM_3L:64-72	2	2	Unknown hairpin loop
5LZS_3:53-61	2	2	Unknown hairpin loop
5XXB_1:2951-2959	2	2	Unknown hairpin loop
5VPP_QV:55-63	2	3	Unknown hairpin loop
5O2R_x:53-61	2	2	Unknown hairpin loop
5E81_1K:53-61	2	3	Unknown hairpin loop
4ATO_G:16-24	2	2	Unknown hairpin loop
5T2A_B:1214-1222	2	2	Unknown hairpin loop
6GSL_1K:54-62	2	3	Unknown hairpin loop
6GSL_1L:54-62	2	3	Unknown hairpin loop
5MGP_x:53-61	2	3	Unknown hairpin loop
6MTC_4:53-61	2	2	Unknown hairpin loop
5B63_D:954-962	2	3	Unknown hairpin loop
1H4S_T:53-61	2	2	Unknown hairpin loop
4V91_1:2840-2848	2	2	Unknown hairpin loop
5TBW_1:2840-2848	2	2	Unknown hairpin loop
6HD7_A:53-61	2	3	Unknown hairpin loop
5CCB_N:53-61	2	2	Unknown hairpin loop
6ERI_BA:314-319	3	4	Unknown hairpin loop
6HA1_a:350-355	3	4	Unknown hairpin loop
5NGM_Aa:350-355	3	4	Unknown hairpin loop
5ZEB_a:191-196	3	4	Unknown hairpin loop
6HA1_a:192-197	3	4	Unknown hairpin loop
4LFB_A:342-347	3	4	Unknown hairpin loop
5V93_a:341-346	3	4	Unknown hairpin loop
1UN6_F:15-64	3	4	Unknown hairpin loop
5J7L_DA:1533-1538	3	4	Unknown hairpin loop
6AGB_A:226-231	3	4	Unknown hairpin loop
6AZ1_1:457-462	3	4	Unknown hairpin loop
6ERI_AA:1567-1572	3	4	Unknown hairpin loop
5ML7_B:2187-2192	3	4	Unknown hairpin loop
4LFB_A:1449-1454	3	4	Unknown hairpin loop
5J7L_AA:342-347	3	4	Unknown hairpin loop
5ZEB_a:342-347	3	4	Unknown hairpin loop
5OPT_E:461-466	3	4	Unknown hairpin loop
4V5O_BA:405-410	3	4	Unknown hairpin loop
5OB3_A:30-35	3	4	Unknown hairpin loop
4ZDO_E:46.E-46.J	3	4	Unknown hairpin loop
5OOL_A:2518-2532	4	5	Unknown hairpin loop
5OOL_A:3177-3192	4	5	Unknown hairpin loop
4PLX_A:47-66	4	5	Unknown hairpin loop
6AZ3_7:69-89	4	5	Unknown hairpin loop
4LCK_B:71-76	5	6	GNRA
4Y4O_2A:629-634	5	7	GNRA
6CHR_A:173-178	5	6	GNRA
5D5L_A:8-13	5	6	GNRA
1U6B_B:23-28	5	7	GNRA
1UN6_F:82-94	5	7	GNRA
3LQX_B:153-158	5	6	GNRA
2IL9_A:6119-6119.E	5	6	GNRA
1HMH_E:104-114	5	6	GNRA
2OIU_Q:10-15	5	6	GNRA
2YGH_A:73-78	5	7	GNRA
2OIU_P:10-15	5	6	GNRA
1RLG_D:9-14	5	6	GNRA
3IGI_A:274-279	5	7	GNRA
4V9F_0:690-695	5	7	GNRA
3NVI_F:9-14	5	6	GNRA
1HMH_A:104-114	5	6	GNRA
4FRG_B:46-51	5	6	GNRA
1MFQ_A:197-202	5	7	GNRA
5J7L_DA:2374-2379	5	6	GNRA
4GMA_Z:119-124	5	6	GNRA
5TBW_1:844-849	5	7	GNRA
3E5C_A:41-46	5	6	GNRA
3RW6_H:27-32	5	7	GNRA
3V7E_C:105-110	5	7	GNRA
1G1X_I:590-649	5	6	GNRA
4QK8_A:13-18	5	6	GNRA
3NKB_B:49-54	5	6	GNRA
5FJC_A:73-78	5	7	GNRA
3P22_A:17-22	5	6	GNRA
3IWN_A:21-26	5	6	GNRA
4RUM_A:51-56	5	6	GNRA
1Y0Q_A:204-209	5	7	GNRA
3CUL_C:7-12	5	6	GNRA
5TPY_A:13-18	5	6	GNRA
3NMU_E:18-23	5	6	GNRA
4Y1J_A:76-81	5	6	GNRA
3D0U_A:142-147	5	6	GNRA
4KQY_A:60-65	5	6	GNRA
4V8P_D1:2733-2738	5	6	GNRA
4V9F_0:1628-1633	5	7	GNRA
4LFB_A:158-163	5	7	GNRA
1G1X_D:590-649	5	6	GNRA
4LFB_A:1165-1171	5	6	GNRA
5TPY_A:62-67	5	6	GNRA
5DCV_D:26-31	5	7	GNRA
6CHR_A:369-374	5	7	GNRA
4Y4O_2A:1363-1368	5	6	GNRA
3SUX_X:65-70	5	6	GNRA
5M0J_E:12-17	5	6	GNRA
4WF9_X:2401-2406	5	6	GNRA
5M0I_E:12-17	5	6	GNRA
2OIU_P:28-33	5	6	GNRA
4V9F_0:2411-2416	5	6	GNRA
5J7L_DA:629-634	5	7	GNRA
4V88_A6:937-942	5	6	GNRA
2OIU_P:59-64	5	6	GNRA
4V8P_D1:869-874	5	7	GNRA
3MOJ_A:2529-2534	5	7	GNRA
3MXH_R:31-36	5	6	GNRA
5M0I_F:12-17	5	6	GNRA
5DDO_B:11-16	5	7	GNRA
5DDP_A:11-16	5	7	GNRA
5DDO_A:11-16	5	7	GNRA
1KH6_A:28-33	5	6	GNRA
3IAB_R:78-83	5	7	GNRA
2OIU_Q:59-64	5	6	GNRA
4Y1J_A:20-25	5	7	GNRA
1M5K_B:74-79	5	7	GNRA
4V9F_0:804-809	5	6	GNRA
4IOA_X:640-645	5	6	GNRA
5J7L_AA:158-163	5	7	GNRA
4W90_C:82-87	5	6	GNRA
4PQV_A:13-18	5	6	GNRA
5CZZ_B:34-39	5	7	GNRA
4WF9_X:674-679	5	6	GNRA
4Y1M_B:24-29	5	6	GNRA
5U3G_B:47-52	5	6	GNRA
5J7L_DA:1363-1368	5	6	GNRA
4PLX_A:24-29	5	6	GNRA
3E5C_A:18-23	5	7	GNRA
4V8P_D1:732-737	5	6	GNRA
4V5O_BA:915-920	5	6	GNRA
5M0J_F:12-17	5	6	GNRA
4JF2_A:8-13	5	6	GNRA
3Q1Q_B:135-140	5	7	GNRA
4BW0_A:9-14	5	6	GNRA
4P8Z_A:157-162	5	6	GNRA
4AOB_A:73-78	5	7	GNRA
4IOA_X:2353-2358	5	7	GNRA
4QLM_A:54-59	5	6	GNRA
2R8S_R:149-154	5	7	GNRA
4Y4O_2A:2374-2379	5	6	GNRA
5MRC_aa:383-388	5	6	Unknown hairpin loop
6ERI_AA:641-646	5	6	Unknown hairpin loop
6GAZ_AA:376-381	5	6	Unknown hairpin loop
5UZ6_A:15-20	5	6	Unknown hairpin loop
5XXU_2:934-939	5	6	Unknown hairpin loop
5U3G_B:18-23	5	6	Unknown hairpin loop
5VCI_A:16-21	5	6	Unknown hairpin loop
6HA1_A:1402-1407	5	6	Unknown hairpin loop
3J7Q_5:1561-1566	5	7	Unknown hairpin loop
5T2A_B:1108-1113	5	6	Unknown hairpin loop
3J7A_A:1797-1802	5	6	Unknown hairpin loop
6GAZ_AA:198-203	5	6	Unknown hairpin loop
5G2X_A:322-327	5	7	Unknown hairpin loop
6HA1_A:2403-2408	5	6	Unknown hairpin loop
5Y7M_D:24-29	5	6	Unknown hairpin loop
3J9M_AA:1023-1028	5	6	Unknown hairpin loop
3JAN_4:197-202	5	7	Unknown hairpin loop
6ERI_BA:351-356	5	6	Unknown hairpin loop
6FYY_2:936-941	5	6	Unknown hairpin loop
5O60_A:723-728	5	6	Unknown hairpin loop
6HA1_A:675-680	5	6	Unknown hairpin loop
6GAW_BA:1461-1466	5	6	Unknown hairpin loop
6AZ3_2:1173-1178	5	6	Unknown hairpin loop
6AZ3_1:895-900	5	7	Unknown hairpin loop
3J7A_A:1006-1011	5	6	Unknown hairpin loop
4Y1J_A:50-55	5	7	Unknown hairpin loop
6ERI_BA:143-148	5	7	Unknown hairpin loop
3OXE_A:49-54	5	7	Unknown hairpin loop
6ERI_BA:675-680	5	6	Unknown hairpin loop
5XY3_1:570-575	5	7	Unknown hairpin loop
6CB3_B:76-81	5	6	Unknown hairpin loop
6CB3_B:20-25	5	7	Unknown hairpin loop
6AZ1_1:1434-1439	5	6	Unknown hairpin loop
2OIU_Q:28-33	5	6	Unknown hairpin loop
5XTM_D:24-29	5	7	Unknown hairpin loop
6HA1_a:157-162	5	7	Unknown hairpin loop
6CU1_A:42-47	5	6	Unknown hairpin loop
6ERI_AA:2391-2396	5	6	Unknown hairpin loop
6HA1_a:387-392	5	6	Unknown hairpin loop
5XY3_1:2198-2203	5	6	Unknown hairpin loop
5OOL_A:3126-3131	5	6	Unknown hairpin loop
5OPT_E:1550-1555	5	6	Unknown hairpin loop
3J7P_S2:1141-1146	5	7	Unknown hairpin loop
4V91_1:844-849	5	7	Unknown hairpin loop
3J79_A:963-968	5	6	Unknown hairpin loop
6FRK_1:197-202	5	7	Unknown hairpin loop
5XTM_B:24-29	5	7	Unknown hairpin loop
5O60_A:2598-2603	5	6	Unknown hairpin loop
5T5H_A:1011-1016	5	7	Unknown hairpin loop
5T5H_B:1304-1309	5	6	Unknown hairpin loop
4KR9_X:19-24	5	7	Unknown hairpin loop
5V93_a:154-159	5	7	Unknown hairpin loop
5AN9_N:3077-3082	5	7	Unknown hairpin loop
6CB3_B:50-55	5	7	Unknown hairpin loop
283D_A:4-9	5	6	Unknown hairpin loop
5J7L_DA:1806-1811	5	6	Unknown hairpin loop
5B2P_B:35-40	5	6	Unknown hairpin loop
5V7Q_A:733-738	5	6	Unknown hairpin loop
2IL9_A:6084.A-6084.F	5	6	Unknown hairpin loop
3J9M_AA:842-847	5	6	Unknown hairpin loop
6D9J_5:1561-1566	5	7	Unknown hairpin loop
5ZEB_a:155-160	5	7	Unknown hairpin loop
5T5H_B:107-112	6	8	Unknown hairpin loop
6AHU_A:201-206	6	9	Unknown hairpin loop
3J79_A:2191-2196	6	9	Unknown hairpin loop
1YLS_B:220-225	6	9	Unknown hairpin loop
2HW8_B:15-20	6	9	Unknown hairpin loop
1P6V_B:26-31	6	9	Unknown hairpin loop
3J7P_S2:197-202	6	8	Unknown hairpin loop
1KUQ_B:8-13	6	9	Unknown hairpin loop
5NGM_Aa:1038-1043	6	9	Unknown hairpin loop
5XY3_1:1588-1593	6	9	Unknown hairpin loop
4AY2_C:8-13	6	9	Unknown hairpin loop
5XXB_1:2026-2031	6	9	Unknown hairpin loop
4WF9_X:1735-1740	6	9	Unknown hairpin loop
3IGI_A:338-343	6	8	Unknown hairpin loop
5V7Q_A:1926-1931	6	9	Unknown hairpin loop
5ZEB_a:419-424	6	9	Unknown hairpin loop
5J7L_DA:1691-1696	6	9	Unknown hairpin loop
6HA1_a:217-222	6	9	Unknown hairpin loop
2CZJ_H:25-30	6	8	Unknown hairpin loop
1NBS_B:152-157	6	9	Unknown hairpin loop
6DCC_B:11-16	6	9	Unknown hairpin loop
6HA1_A:1736-1741	6	9	Unknown hairpin loop
5T2A_B:106-111	6	8	Unknown hairpin loop
5NGM_Aa:427-432	6	9	Unknown hairpin loop
5LYS_B:48-60	6	9	Unknown hairpin loop
4PMI_A:53-58	6	9	Unknown hairpin loop
6DLR_A:27-32	6	9	Unknown hairpin loop
4V88_A6:230-235	6	9	Unknown hairpin loop
4V8P_D1:1947-1952	6	9	Unknown hairpin loop
4JF2_A:60-65	6	9	Unknown hairpin loop
5Y85_D:28-33	6	9	Unknown hairpin loop
5XJC_F:8-13	6	9	Unknown hairpin loop
4WF9_X:283-288	6	8	Unknown hairpin loop
4IOA_X:1708-1713	6	9	Unknown hairpin loop
5J7L_AA:1449-1454	6	9	Unknown hairpin loop
4PDB_I:17-22	6	9	Unknown hairpin loop
6ERI_AA:1727-1732	6	9	Unknown hairpin loop
4V91_1:1923-1928	6	9	Unknown hairpin loop
4LFB_A:419-424	6	9	Unknown hairpin loop
4V9F_0:1769-1774	6	9	Unknown hairpin loop
5J7L_AA:419-424	6	9	Unknown hairpin loop
5TBW_1:1923-1928	6	9	Unknown hairpin loop
6DME_A:57-62	6	9	Unknown hairpin loop
5V7Q_A:1600-1605	6	9	Unknown hairpin loop
4Y4O_2A:1691-1696	6	9	Unknown hairpin loop
6ERI_BA:978-983	6	9	Unknown hairpin loop
6D9J_2:197-202	6	8	Unknown hairpin loop
5O60_A:1909-1914	6	9	Unknown hairpin loop
3J7O_7:36-41	6	8	Unknown hairpin loop
1I6U_C:16-21	6	9	Unknown hairpin loop
6AZ3_2:107-112	6	8	Unknown hairpin loop
5D5L_A:60-65	6	9	Unknown hairpin loop
6CF2_G:14-19	6	8	Unknown hairpin loop
5ZQ8_D:744-753	7	10	Unknown hairpin loop
5XY3_1:2665-2673	7	10	Unknown hairpin loop
5J7L_DA:1281-1289	7	10	TL
6DLR_A:82-90	7	10	Unknown hairpin loop
4Y4O_2A:2304-2312	7	10	Unknown hairpin loop
5V7Q_A:1688-1699	8	11	Unknown hairpin loop
3HJW_D:23-33	8	11	Unknown hairpin loop
1B23_R:12-23	8	11	Unknown hairpin loop
5B63_D:913-923	8	11	Unknown hairpin loop
1U0B_A:12-23	8	11	Unknown hairpin loop
4P5J_A:46-54	9	12	TL
5AN9_N:3173-3181	9	12	Unknown hairpin loop
5FLX_z:79-87	9	12	Unknown hairpin loop
4V5O_BA:1566-1574	9	12	Unknown hairpin loop
4V88_A6:1594-1602	9	12	Unknown hairpin loop
5T5H_B:1284-1292	9	12	Unknown hairpin loop
6AZ3_2:1153-1161	9	12	Unknown hairpin loop
5OQL_1:2177-2185	9	12	Unknown hairpin loop
5T2A_B:1088-1096	9	12	Unknown hairpin loop
6FYY_2:1592-1600	9	12	Unknown hairpin loop
5F9R_A:90-95	10	13	GNRA
4ENC_A:28-33	10	13	GNRA
4V5O_BA:1056-1061	10	14	GNRA
4V88_A6:1084-1089	10	14	GNRA
4ZT0_D:32-37	10	14	GNRA
1NBS_B:204-209	10	14	GNRA
5FQ5_A:32-37	10	14	GNRA
4WZJ_XXX:12-17	10	13	GNRA
5FJC_A:49-54	10	14	GNRA
5FQ5_A:72-77	10	13	GNRA
5B2T_A:72-77	10	13	GNRA
3J7A_A:1185-1190	10	14	GNRA
5B2T_A:32-37	10	14	GNRA
4Y1M_B:81-86	10	14	GNRA
4ZT0_D:72-77	10	13	GNRA
5X2G_B:32-37	10	13	GNRA
5F9R_A:41-46	10	13	GNRA
4V8P_D1:381-386	10	13	GNRA
3J79_A:1693-1698	10	13	GNRA
5TBW_1:382-387	10	13	GNRA
4Y1M_B:55-60	10	13	GNRA
5MRC_aa:928-933	10	13	Unknown hairpin loop
3J7Q_5:3724-3729	10	14	Unknown hairpin loop
4Y4O_2A:225-230	10	14	Unknown hairpin loop
5XYI_2:893-898	10	14	Unknown hairpin loop
2YGH_A:49-54	10	14	Unknown hairpin loop
4IOA_X:622-627	10	13	Unknown hairpin loop
6ERI_AA:261-266	10	13	Unknown hairpin loop
4V91_1:382-387	10	13	Unknown hairpin loop
5MRC_aa:792-797	10	13	Unknown hairpin loop
4V91_1:2220-2225	10	14	Unknown hairpin loop
5VZL_B:90-95	10	13	Unknown hairpin loop
5TBW_1:2220-2225	10	14	Unknown hairpin loop
6FYY_2:1083-1088	10	14	Unknown hairpin loop
6D9J_5:3724-3729	10	14	Unknown hairpin loop
5NGM_Aa:267-275	11	15	Unknown hairpin loop
5O60_A:409-417	11	15	Unknown hairpin loop
6HA1_a:267-275	11	15	Unknown hairpin loop
5V7Q_A:410-418	11	15	Unknown hairpin loop
5J7L_AA:259-267	11	15	Unknown hairpin loop
4M6D_H:30-35	12	16	Unknown hairpin loop
5XXB_1:1641-1646	12	16	Unknown hairpin loop
4M4O_B:30-35	12	16	Unknown hairpin loop
4V8P_D1:1570-1575	12	16	Unknown hairpin loop
4WF9_X:2621-2626	13	17	GNRA
3J79_A:365-370	13	17	GNRA
4V9F_0:2629-2634	13	17	GNRA
5J7L_DA:462-467	13	17	GNRA
4LFB_A:1076-1081	13	17	GNRA
3J79_A:3322-3327	13	17	GNRA
2ZZM_B:47-47.E	13	18	GNRA
3Q1Q_B:92-97	13	18	GNRA
5J7L_DA:2356-2361	13	18	GNRA
4V8P_D1:1429-1434	13	17	GNRA
4WF9_X:2876-2881	13	18	GNRA
3J7Q_5:4540-4545	13	17	GNRA
4Y4O_2A:2594-2599	13	17	GNRA
4V8P_D1:2951-2956	13	17	GNRA
4Y4O_2A:462-467	13	17	GNRA
5J7L_DA:2594-2599	13	17	GNRA
4IOA_X:473-478	13	17	GNRA
5TBW_1:2963-2968	13	17	GNRA
5TBW_AS:88-93	13	18	GNRA
3J79_A:1551-1556	13	17	GNRA
4IOA_X:2573-2578	13	17	GNRA
3G9C_Q:108-113	13	18	GNRA
4WF9_X:508-513	13	17	GNRA
5AN9_N:3296-3301	13	17	Unknown hairpin loop
5ZEB_a:1056-1061	13	17	Unknown hairpin loop
6HA1_A:509-514	13	17	Unknown hairpin loop
5V7Q_A:551-556	13	17	Unknown hairpin loop
5T5H_A:1627-1632	13	17	Unknown hairpin loop
5XXB_1:3074-3079	13	17	Unknown hairpin loop
4V91_3:88-93	13	18	Unknown hairpin loop
6HA1_A:2623-2628	13	17	Unknown hairpin loop
6ERI_AA:474-479	13	17	Unknown hairpin loop
5XXB_1:365-370	13	17	Unknown hairpin loop
6ERI_AA:1243-1248	13	17	Unknown hairpin loop
5O60_A:550-555	13	17	Unknown hairpin loop
5NGM_Aa:1087-1092	13	17	Unknown hairpin loop
5T5H_B:1533-1538	13	17	Unknown hairpin loop
6AZ3_1:1494-1499	13	17	Unknown hairpin loop
5ZEB_a:1246-1251	13	17	Unknown hairpin loop
6AZ3_1:397-402	13	17	Unknown hairpin loop
5XY3_1:2418-2423	13	17	Unknown hairpin loop
5O60_A:2818-2823	13	17	Unknown hairpin loop
6ERI_AA:2611-2616	13	17	Unknown hairpin loop
4V91_1:2963-2968	13	17	Unknown hairpin loop
3J7P_S2:1421-1426	13	18	Unknown hairpin loop
6HA1_a:1086-1091	13	17	Unknown hairpin loop
5V93_a:1067-1072	13	17	Unknown hairpin loop
5V7Q_A:2832-2837	13	17	Unknown hairpin loop
5T2A_B:1337-1342	13	17	Unknown hairpin loop
4LGT_E:2594-2599	13	17	Unknown hairpin loop
6AZ3_2:1402-1407	13	17	Unknown hairpin loop
5T5H_A:401-406	13	17	Unknown hairpin loop
4NLF_A:2658-2663	14	19	GNRA
4IOA_X:2637-2642	14	19	GNRA
4LVW_A:58-63	14	19	GNRA
3KTW_C:209-214	14	19	GNRA
4V9F_0:1326-1331	14	19	GNRA
3NPQ_A:20-25	14	19	GNRA
5J7L_AA:726-731	14	19	GNRA
2XXA_F:47-52	14	19	GNRA
4WF9_X:2685-2690	14	19	GNRA
4LFB_A:726-731	14	19	GNRA
3NDB_M:208-213	14	19	GNRA
5J7L_DA:2658-2663	14	19	GNRA
1G1X_E:726-731	14	19	GNRA
4V8P_D1:3014-3019	14	19	GNRA
4WF9_X:533-538	14	19	GNRA
1G1X_J:726-731	14	19	GNRA
4V9F_0:2695-2700	14	19	GNRA
4V88_A6:1501-1506	14	19	GNRA
4OQU_A:57-62	14	19	GNRA
4OQU_A:13-18	14	19	GNRA
3J79_B:86-91	14	19	GNRA
3AM1_B:45-50	14	19	GNRA
4IOA_X:1235-1240	14	19	GNRA
4Y4O_2A:2658-2663	14	19	GNRA
4C7O_E:19-24	14	19	GNRA
4OQU_A:76-81	14	19	GNRA
5OPT_E:1272-1277	14	19	Unknown hairpin loop
5O60_A:2882-2887	14	19	Unknown hairpin loop
5TBW_1:3025-3030	14	19	Unknown hairpin loop
5NGM_Aa:1526-1531	14	19	Unknown hairpin loop
3R9X_C:1515-1520	14	19	Unknown hairpin loop
6AZ3_4:53-58	14	19	Unknown hairpin loop
1DUH_A:52-57	14	19	Unknown hairpin loop
6AZ1_1:1184-1189	14	19	Unknown hairpin loop
6AGB_A:177-182	14	19	Unknown hairpin loop
5XXB_1:3137-3142	14	19	Unknown hairpin loop
6DME_A:25-30	14	19	Unknown hairpin loop
3J7O_7:86-91	14	19	Unknown hairpin loop
4LFB_A:1515-1520	14	19	Unknown hairpin loop
4PQV_A:57-63	14	19	Unknown hairpin loop
6HA1_A:534-539	14	19	Unknown hairpin loop
5J7L_AA:1515-1520	14	19	Unknown hairpin loop
5V93_a:717-722	14	19	Unknown hairpin loop
6FYY_2:1499-1504	14	19	Unknown hairpin loop
5OQL_1:2084-2089	14	19	Unknown hairpin loop
3J79_A:3411-3416	14	19	Unknown hairpin loop
6HA1_a:1525-1530	14	19	Unknown hairpin loop
5AN9_N:3361-3366	14	19	Unknown hairpin loop
6ERI_AA:2675-2680	14	19	Unknown hairpin loop
6HA1_A:2687-2692	14	19	Unknown hairpin loop
5GAH_1:52-57	14	19	Unknown hairpin loop
6HA1_a:735-740	14	19	Unknown hairpin loop
1F1T_A:14-19	14	19	Unknown hairpin loop
6ERI_BA:268-273	14	19	Unknown hairpin loop
3R9W_B:1515-1520	14	19	Unknown hairpin loop
6D9J_7:86-91	14	19	Unknown hairpin loop
3J7Q_5:4603-4608	14	19	Unknown hairpin loop
5MRC_aa:1607-1612	14	19	Unknown hairpin loop
5ZEB_a:1499-1504	14	19	Unknown hairpin loop
5XYI_2:757-762	14	19	Unknown hairpin loop
5V7Q_A:2896-2901	14	19	Unknown hairpin loop
6HA1_A:1262-1267	14	19	Unknown hairpin loop
5NGM_Aa:734-739	14	19	Unknown hairpin loop
4V91_1:3025-3030	14	19	Unknown hairpin loop
4V91_1:2633-2645	15	20	Unknown hairpin loop
5V7Q_A:2502-2514	15	20	Unknown hairpin loop
4WF9_X:2773-2785	15	20	Unknown hairpin loop
4IOA_X:2726-2738	15	20	Unknown hairpin loop
5MRC_A:2290-2302	15	20	Unknown hairpin loop
5O60_A:2488-2500	15	20	Unknown hairpin loop
5TBW_1:2633-2645	15	20	Unknown hairpin loop
3J79_A:38-45	16	21	Unknown hairpin loop
6GAZ_AA:760-767	16	21	Unknown hairpin loop
5MRC_A:1313-1320	16	21	Unknown hairpin loop
5VOE_A:15-22	16	21	Unknown hairpin loop
3J7Q_5:2006-2013	16	21	Unknown hairpin loop
5XXB_1:38-45	16	21	Unknown hairpin loop
6G90_2:54-61	16	21	Unknown hairpin loop
6AZ3_1:36-43	16	21	Unknown hairpin loop
3HHN_E:92-99	16	21	Unknown hairpin loop
3IVK_M:92-99	16	21	Unknown hairpin loop
6D9J_5:2006-2013	16	21	Unknown hairpin loop
5AN9_N:1502-1509	16	21	Unknown hairpin loop
4WFL_A:42-54	17	22	Unknown hairpin loop
4V92_AZ:6180-6196	18	23	Unknown hairpin loop
1FIR_A:13-22	18	23	Unknown hairpin loop
5IMQ_5:13-22	18	23	Unknown hairpin loop
5AJ0_Bv:13-22	18	23	Unknown hairpin loop
4YCO_D:13-22	18	23	Unknown hairpin loop
4WT8_DV:13-22	18	23	Unknown hairpin loop
4WJ4_B:13-22	18	23	Unknown hairpin loop
4V88_A6:1121-1126	19	24	GNRA
4LFB_A:379-384	19	24	GNRA
3W3S_B:47.F-47.K	19	24	GNRA
4LFB_A:897-902	19	24	GNRA
3J7A_A:1222-1227	19	24	GNRA
5J7L_AA:379-384	19	24	GNRA
3Q1Q_B:187-192	19	25	GNRA
4WF9_X:1400-1405	19	25	GNRA
5J7L_AA:186-191	19	24	GNRA
4V8P_D1:757-762	19	24	GNRA
1U9S_A:204-209	19	25	GNRA
5J7L_AA:897-902	19	24	GNRA
2EZ6_D:11-16	19	24	GNRA
4V5O_BA:1094-1099	19	24	GNRA
1MZP_B:25-30	19	24	GNRA
4V9F_0:1862-1867	19	24	GNRA
5J7L_DA:1868-1873	19	24	GNRA
5XYI_2:930-935	19	24	Unknown hairpin loop
6FYY_2:413-418	19	25	Unknown hairpin loop
4LFB_A:1265-1270	19	25	Unknown hairpin loop
4V91_1:732-737	19	24	Unknown hairpin loop
6FYY_2:1120-1125	19	24	Unknown hairpin loop
6HA1_a:907-912	19	24	Unknown hairpin loop
5O60_A:2023-2028	19	24	Unknown hairpin loop
6ERI_BA:847-852	19	24	Unknown hairpin loop
5ZEB_a:879-884	19	24	Unknown hairpin loop
5MRC_A:2925-2930	19	24	Unknown hairpin loop
5XXU_2:1116-1121	19	24	Unknown hairpin loop
6HA1_A:2823-2828	19	24	Unknown hairpin loop
5V93_a:378-383	19	24	Unknown hairpin loop
5V7Q_A:2040-2045	19	24	Unknown hairpin loop
6ERI_BA:1399-1404	19	24	Unknown hairpin loop
5TBW_1:732-737	19	24	Unknown hairpin loop
5ZEB_a:379-384	19	24	Unknown hairpin loop
6D9J_2:462-467	19	25	Unknown hairpin loop
5OPT_E:1589-1594	19	24	Unknown hairpin loop
4V91_1:2470-2475	19	24	Unknown hairpin loop
4V88_A6:414-419	19	25	Unknown hairpin loop
5V93_a:890-895	19	24	Unknown hairpin loop
6AZ1_1:1473-1478	19	24	Unknown hairpin loop
3IGI_A:368-373	19	25	Unknown hairpin loop
5NGM_Aa:906-911	19	24	Unknown hairpin loop
5OPT_E:212-217	19	25	Unknown hairpin loop
2NUE_C:21-26	19	24	Unknown hairpin loop
5XY3_1:1306-1311	19	25	Unknown hairpin loop
3J7P_S2:462-467	19	25	Unknown hairpin loop
5O60_A:1478-1483	19	25	Unknown hairpin loop
5OOL_A:1786-1791	19	24	Unknown hairpin loop
5V7Q_A:1494-1499	19	25	Unknown hairpin loop
6AZ3_2:1101-1109	20	26	Unknown hairpin loop
3J79_A:3012-3020	20	26	Unknown hairpin loop
5T2A_B:1036-1044	20	26	Unknown hairpin loop
5XXB_1:2784-2792	20	26	Unknown hairpin loop
4V91_1:2673-2681	20	26	Unknown hairpin loop
5AN9_N:3006-3014	20	26	Unknown hairpin loop
5MRC_A:324-332	20	26	Unknown hairpin loop
5TBW_1:2673-2681	20	26	Unknown hairpin loop
5G2X_A:236-252	21	27	Unknown hairpin loop
6E9E_B:5-19	21	27	Unknown hairpin loop
6E9F_B:5-19	21	27	Unknown hairpin loop
5XXB_1:3301-3307	22	28	Unknown hairpin loop
4V9F_0:136-142	22	28	Unknown hairpin loop
6AZ3_1:819-825	22	28	Unknown hairpin loop
5V7Q_A:1961-1967	22	28	Unknown hairpin loop
3LA5_A:59-67	23	29	Unknown hairpin loop
4W29_AX:31-39	23	29	Unknown hairpin loop
4LX6_A:59-67	23	29	Unknown hairpin loop
4V6D_CV:31-39	23	29	Unknown hairpin loop
6FYY_1:31-39	23	29	Unknown hairpin loop
6HA1_A:2500-2508	23	29	Unknown hairpin loop
4XNR_X:59-67	23	29	Unknown hairpin loop
1Y26_X:59-67	23	29	Unknown hairpin loop
2AKE_B:31-39	23	29	Unknown hairpin loop
5SWD_B:59-67	23	29	Unknown hairpin loop
3K0J_E:66-73	24	30	GNRA
6GAW_BA:536-543	24	30	GNRA
5TBW_1:194-201	24	30	TL
4V8P_D1:194-201	24	30	TL
1S03_B:22-29	24	30	Unknown hairpin loop
6ERI_AA:1120-1127	24	30	Unknown hairpin loop
5V7Q_A:1221-1228	24	30	Unknown hairpin loop
4V91_1:194-201	24	30	Unknown hairpin loop
4IOA_X:1103-1110	24	30	Unknown hairpin loop
1HC8_C:142-149	24	30	Unknown hairpin loop
6HA1_A:1138-1145	24	30	Unknown hairpin loop
5NGM_Aa:471-478	24	30	Unknown hairpin loop
5O60_A:1210-1217	24	30	Unknown hairpin loop
5XYI_2:345-350	25	31	Unknown hairpin loop
6C66_J:51-56	25	31	Unknown hairpin loop
4U7U_L:51-56	25	31	Unknown hairpin loop
5H9F_L:51-56	25	31	Unknown hairpin loop
5O60_A:2366-2371	25	31	Unknown hairpin loop
6ERI_BA:391-396	25	31	Unknown hairpin loop
6HA1_A:2172-2177	25	31	Unknown hairpin loop
3Q1Q_B:77-83	26	32	GNRA
5ZEB_a:1146-1152	26	32	Unknown hairpin loop
5T5H_B:510-516	26	32	Unknown hairpin loop
2ZZN_D:32-38	26	32	Unknown hairpin loop
5V93_a:1157-1163	26	32	Unknown hairpin loop
3SIU_F:40-46	26	32	Unknown hairpin loop
6FF4_6:64-70	26	32	Unknown hairpin loop
5XJC_F:64-70	26	32	Unknown hairpin loop
3WQY_C:1653-1661	27	33	TL
4V9Q_DV:53-61	27	33	TL
2ZUE_B:953-961	27	33	TL
2ZZN_D:53-61	27	33	TL
2ZZM_B:53-61	27	33	TL
1J1U_B:554-562	27	33	TL
4WT8_D4:54-62	27	33	TL
4YYE_C:53-61	27	33	TL
4TUE_QV:53-61	27	33	TL
5OOL_A:2958-2966	27	34	Unknown hairpin loop
5WT1_C:53-61	27	33	Unknown hairpin loop
3ADD_C:31-39	27	34	Unknown hairpin loop
6ERI_AA:2488-2496	27	34	Unknown hairpin loop
5WWT_C:53-61	27	33	Unknown hairpin loop
4IOA_X:2450-2458	27	34	Unknown hairpin loop
5L4O_A:53-61	27	33	Unknown hairpin loop
4WF9_X:2498-2506	27	34	Unknown hairpin loop
3J92_2:53-61	27	33	Unknown hairpin loop
5V7Q_A:2709-2717	27	34	Unknown hairpin loop
5O60_A:2695-2703	27	34	Unknown hairpin loop
6CFJ_1x:53-61	27	33	Unknown hairpin loop
6I0Y_V:53-61	27	33	Unknown hairpin loop
5E81_2K:54-62	27	33	Unknown hairpin loop
5X2G_B:73-81	27	34	Unknown hairpin loop
5T5H_B:638-646	27	34	Unknown hairpin loop
5X6B_P:52-60	27	33	Unknown hairpin loop
2CSX_C:31-39	27	34	Unknown hairpin loop
4YCP_B:53-61	28	35	TL
4X4V_B:12-20	28	35	TL
4WJ3_S:53-61	28	35	TL
2CSX_C:53-61	28	35	TL
3AL0_E:53-61	28	35	TL
3A2K_C:54-62	28	35	TL
1C0A_B:653-661	28	35	TL
4MGN_B:52-60	28	35	TL
3KFU_L:53-61	28	35	TL
4WJ4_B:53-61	28	35	TL
6HD7_B:53-61	28	35	Unknown hairpin loop
3J9W_AX:53-61	28	35	Unknown hairpin loop
5JTE_AX:53-61	28	35	Unknown hairpin loop
5T5H_G:42-60	28	35	Unknown hairpin loop
5XXB_1:2482-2491	29	36	Unknown hairpin loop
3J79_A:2662-2671	29	36	Unknown hairpin loop
5TBW_1:2369-2378	29	36	Unknown hairpin loop
4V8P_D1:2364-2373	29	36	Unknown hairpin loop
3J7Q_5:3873-3882	29	36	Unknown hairpin loop
4V91_1:2369-2378	29	36	Unknown hairpin loop
6D9J_5:3873-3882	29	36	Unknown hairpin loop
5AN9_N:2635-2644	29	36	Unknown hairpin loop
5OOL_A:2902-2907	30	37	Unknown hairpin loop
6GAZ_AA:123-128	30	37	Unknown hairpin loop
3J79_A:69-74	30	37	Unknown hairpin loop
4V8P_D1:67-72	30	37	Unknown hairpin loop
5XXB_1:69-74	30	37	Unknown hairpin loop
5MRC_A:1345-1350	30	37	Unknown hairpin loop
5XXB_1:2278-2283	30	37	Unknown hairpin loop
5XY3_1:67-72	30	37	Unknown hairpin loop
4IOA_X:2243-2255	31	38	Unknown hairpin loop
6ERI_AA:942-954	31	38	Unknown hairpin loop
6D9J_2:885-901	32	39	Unknown hairpin loop
4V88_A6:656-674	32	39	Unknown hairpin loop
6HIX_AA:325-336	32	39	Unknown hairpin loop
4P8Z_A:99-104	33	40	GNRA
4LFB_A:862-867	33	40	GNRA
5J7L_AA:862-867	33	40	GNRA
5V7Q_A:767-772	33	40	Unknown hairpin loop
4V8P_D1:1050-1054	33	40	Unknown hairpin loop
5V93_a:855-860	33	40	Unknown hairpin loop
5NGM_Aa:871-876	33	40	Unknown hairpin loop
5G2X_A:438-443	33	40	Unknown hairpin loop
5T83_A:26-30	33	40	Unknown hairpin loop
6ERI_BA:812-817	33	40	Unknown hairpin loop
4V8P_D1:2215-2220	33	40	Unknown hairpin loop
5ZEB_a:844-849	33	40	Unknown hairpin loop
5XXB_1:499-502	33	40	Unknown hairpin loop
6HA1_a:872-877	33	40	Unknown hairpin loop
4IOA_X:2335-2340	33	40	Unknown hairpin loop
1N78_C:553-561	34	41	TL
5E6M_C:53-61	34	41	TL
4QEI_C:53-61	34	41	TL
4YCO_D:53-61	34	41	TL
3Q1Q_C:63-71	34	41	TL
2DRA_B:12-20	34	41	TL
3W3S_B:53-61	34	41	TL
3WFS_A:53-61	34	41	TL
3AM1_B:59-67	34	41	TL
4V90_AV:53-61	34	41	TL
3TUP_T:53-61	34	41	TL
3J7R_S5:53-61	34	41	Unknown hairpin loop
5MMM_z:53-61	34	41	Unknown hairpin loop
5TCU_D:53-61	34	41	Unknown hairpin loop
1P6V_B:45-53	34	41	Unknown hairpin loop
5IMQ_5:53-61	34	41	Unknown hairpin loop
5XYI_2:260-268	34	41	Unknown hairpin loop
6HCJ_q3:53-61	34	41	Unknown hairpin loop
5AJ0_Bv:53-61	34	41	Unknown hairpin loop
5TBW_1:2164-2170	35	42	GNRA
5J7L_DA:1630-1636	35	42	GNRA
4Y4O_2A:779-785	35	42	Unknown hairpin loop
5O60_A:1848-1854	35	42	Unknown hairpin loop
6GAW_BA:326-332	35	42	Unknown hairpin loop
4IOA_X:792-798	35	42	Unknown hairpin loop
5LM7_G:21-27	35	42	Unknown hairpin loop
6HA1_A:656-662	35	42	Unknown hairpin loop
5MRC_A:670-676	35	42	Unknown hairpin loop
5XY3_1:482-487	35	42	Unknown hairpin loop
6HA1_A:1675-1681	35	42	Unknown hairpin loop
6ERI_AA:1666-1672	35	42	Unknown hairpin loop
4V91_1:2164-2170	35	42	Unknown hairpin loop
6ERI_AA:1748-1756	36	43	Unknown hairpin loop
6HA1_A:1979-1985	37	44	Unknown hairpin loop
5XXB_1:1965-1971	37	44	Unknown hairpin loop
4Y4O_2A:1950-1956	37	44	Unknown hairpin loop
5V7Q_A:2188-2194	37	44	Unknown hairpin loop
5O60_A:1994-2004	38	45	Unknown hairpin loop
5TBW_1:2135-2145	38	45	Unknown hairpin loop
4V91_1:2135-2145	38	45	Unknown hairpin loop
4IOA_X:1768-1778	38	45	Unknown hairpin loop
4WF9_X:1804-1814	38	45	Unknown hairpin loop
5V7Q_A:2011-2021	38	45	Unknown hairpin loop
5MRC_A:1684-1694	38	45	Unknown hairpin loop
5O60_A:2173-2181	39	46	Unknown hairpin loop
4WF9_X:1976-1984	39	46	Unknown hairpin loop
2BH2_D:1949-1957	39	46	Unknown hairpin loop
6GSK_3L:31-39	39	46	Unknown hairpin loop
6ERI_AA:1963-1971	39	46	Unknown hairpin loop
5J7L_DA:1949-1957	39	46	Unknown hairpin loop
4IOA_X:1932-1940	39	46	Unknown hairpin loop
3PDR_X:99-107	40	47	Unknown hairpin loop
6GAW_BA:1557-1565	40	47	Unknown hairpin loop
5NGM_Aa:1174-1182	40	47	Unknown hairpin loop
5OPT_E:870-878	40	47	Unknown hairpin loop
3J7Q_5:2376-2384	40	47	Unknown hairpin loop
5XY3_1:194-202	40	47	Unknown hairpin loop
6D9J_5:2376-2384	40	47	Unknown hairpin loop
4V9F_0:2836-2844	40	47	Unknown hairpin loop
6FYY_1:53-61	40	47	Unknown hairpin loop
1XJR_A:21-27	41	48	GNRA
3J79_A:1254-1260	41	48	GNRA
5TBW_1:1126-1132	41	48	GNRA
4V8P_D1:1153-1159	41	48	GNRA
4V9F_0:1054-1060	41	48	GNRA
5OOL_A:1746-1752	41	48	GNRA
4V8P_D1:88-94	41	48	GNRA
5XXB_1:1213-1219	41	48	Unknown hairpin loop
5AN9_N:1363-1369	41	48	Unknown hairpin loop
3J7Q_5:1864-1870	41	48	Unknown hairpin loop
5T5H_A:1309-1315	41	48	Unknown hairpin loop
5XY3_1:850-856	41	48	Unknown hairpin loop
5XY3_1:88-94	41	48	Unknown hairpin loop
4QK8_A:53-59	41	48	Unknown hairpin loop
6AZ3_1:1183-1189	41	48	Unknown hairpin loop
4V91_1:1126-1132	41	48	Unknown hairpin loop
5O60_A:2969-2983	42	49	Unknown hairpin loop
5V7Q_A:2983-2997	42	49	Unknown hairpin loop
6HA1_A:2774-2788	42	49	Unknown hairpin loop
4Y4O_2A:2745-2759	42	49	Unknown hairpin loop
6ERI_AA:2763-2777	42	49	Unknown hairpin loop
5J7L_DA:2745-2759	42	49	Unknown hairpin loop
5MRC_A:1927-1936	43	50	Unknown hairpin loop
4LFB_A:689-698	43	50	Unknown hairpin loop
4Y4O_2A:2027-2036	43	50	Unknown hairpin loop
6ERI_BA:638-647	43	50	Unknown hairpin loop
5V7Q_A:873-882	43	50	Unknown hairpin loop
4WF9_X:2054-2063	43	50	Unknown hairpin loop
5O60_A:859-868	43	50	Unknown hairpin loop
6HA1_a:698-707	43	50	Unknown hairpin loop
5J7L_AA:689-698	43	50	Unknown hairpin loop
5J7L_DA:2027-2036	43	50	Unknown hairpin loop
6HA1_A:2056-2065	43	50	Unknown hairpin loop
6ERI_AA:2041-2050	43	50	Unknown hairpin loop
5NGM_Aa:697-706	43	50	Unknown hairpin loop
6DB9_R:36-45	43	50	Unknown hairpin loop
5XYI_2:1358-1366	44	51	Unknown hairpin loop
5J7L_DA:2471-2479	44	51	Unknown hairpin loop
1QF6_B:31-39	44	51	Unknown hairpin loop
5MRC_aa:1382-1391	44	51	Unknown hairpin loop
4IOA_X:1402-1411	44	51	Unknown hairpin loop
5MRC_A:1811-1820	44	51	Unknown hairpin loop
4V5O_BA:515-523	44	51	Unknown hairpin loop
4V8P_D1:2828-2836	44	51	Unknown hairpin loop
4V5O_BA:384-395	45	52	TL
5J7L_AA:321-332	45	52	TL
4V88_A6:393-404	45	52	TL
2ZUE_B:913-922	45	52	Unknown hairpin loop
6ERI_BA:293-304	45	52	Unknown hairpin loop
3J7P_S2:441-452	45	52	Unknown hairpin loop
5NGM_Aa:329-340	45	52	Unknown hairpin loop
6HA1_a:329-340	45	52	Unknown hairpin loop
6D9J_2:441-452	45	52	Unknown hairpin loop
5XXU_2:393-404	45	52	Unknown hairpin loop
4LFB_A:321-332	45	52	Unknown hairpin loop
6FYY_2:392-403	45	52	Unknown hairpin loop
4DR4_W:31-39	46	53	Unknown hairpin loop
5IMQ_5:31-39	46	53	Unknown hairpin loop
6CAQ_W:31-39	46	53	Unknown hairpin loop
4V5O_BA:1030-1038	46	53	Unknown hairpin loop
6CAR_W:31-39	46	53	Unknown hairpin loop
4YCO_D:31-39	46	53	Unknown hairpin loop
5MMM_z:31-39	46	53	Unknown hairpin loop
5TCU_D:31-39	46	53	Unknown hairpin loop
6CAS_W:31-39	46	53	Unknown hairpin loop
6CAP_W:31-39	46	53	Unknown hairpin loop
2I82_F:1307-1315	46	53	Unknown hairpin loop
6CAO_W:31-39	46	53	Unknown hairpin loop
4V9F_0:2876-2881	47	54	GNRA
1Y0Q_A:130-135	47	54	GNRA
4WFL_A:81-86	47	54	GNRA
3J79_A:1783-1788	47	54	GNRA
4IOA_X:1856-1861	47	54	GNRA
5MRC_A:393-398	47	55	GNRA
3Q1Q_B:284-289	47	54	GNRA
4Y4O_2A:1864-1878	47	54	GNRA
1U9S_A:99-104	47	54	GNRA
4R4V_A:735-740	47	55	GNRA
4V8P_D1:1658-1663	47	54	GNRA
5MRC_A:2641-2646	47	55	GNRA
4WZJ_XXX:50-55	47	54	GNRA
4V8P_D1:356-361	47	54	GNRA
5J7L_DA:2856-2861	47	54	GNRA
4WF9_X:1260-1265	47	55	GNRA
4Y4O_2A:1806-1811	47	55	GNRA
4QK9_A:56-61	47	55	GNRA
6HA1_A:1764-1769	47	54	Unknown hairpin loop
6GAW_BA:121-126	47	55	Unknown hairpin loop
5XXU_2:1499-1504	47	54	Unknown hairpin loop
4V91_1:1403-1408	47	55	Unknown hairpin loop
4C8Z_C:20-25	47	55	Unknown hairpin loop
3J7P_S2:1353-1358	47	54	Unknown hairpin loop
5TBW_1:1634-1639	47	54	Unknown hairpin loop
6HA1_A:1835-1840	47	55	Unknown hairpin loop
5TBW_1:1403-1408	47	55	Unknown hairpin loop
5XXB_1:1728-1733	47	54	Unknown hairpin loop
3J7Q_5:368-373	47	55	Unknown hairpin loop
3DD2_B:11-16	47	54	Unknown hairpin loop
5TBW_1:599-604	47	55	Unknown hairpin loop
5T2A_B:403-408	47	54	Unknown hairpin loop
6ERI_AA:1816-1821	47	55	Unknown hairpin loop
5XXB_1:1500-1505	47	55	Unknown hairpin loop
6ERI_BA:1026-1031	47	55	Unknown hairpin loop
3J7Q_5:2578-2583	47	54	Unknown hairpin loop
6AZ3_2:466-471	47	54	Unknown hairpin loop
6HA1_A:1897-1902	47	55	Unknown hairpin loop
4WF9_X:1833-1838	47	55	Unknown hairpin loop
4C8Y_C:20-25	47	55	Unknown hairpin loop
3J7A_A:420-425	47	54	Unknown hairpin loop
1Y0Q_A:146-151	47	54	Unknown hairpin loop
359D_B:154-164	47	55	Unknown hairpin loop
5XXU_2:414-419	47	54	Unknown hairpin loop
4V91_1:1634-1639	47	54	Unknown hairpin loop
4V91_1:599-604	47	55	Unknown hairpin loop
4V4J_2:13-22	48	56	Unknown hairpin loop
5AXM_P:13-22	48	56	Unknown hairpin loop
5V93_a:680-689	48	56	Unknown hairpin loop
4Y4O_2A:2404-2413	48	56	Unknown hairpin loop
5ZEB_a:669-678	48	56	Unknown hairpin loop
4IOA_X:2383-2392	48	56	Unknown hairpin loop
3ICQ_E:13-22	48	56	Unknown hairpin loop
4PCJ_A:16-21	49	57	GNRA
6CHR_A:563-568	49	57	GNRA
5TBW_1:2744-2749	49	57	GNRA
4K50_B:587-592	49	57	GNRA
4K27_U:26-31	49	57	GNRA
4LFB_A:1012-1017	49	57	GNRA
5TBW_1:707-712	49	57	GNRA
5M0H_A:21-26	49	57	GNRA
1Q96_A:13-18	49	58	GNRA
6CHR_A:481-486	49	57	GNRA
5BTM_A:26-31	49	57	GNRA
6CHR_A:600-605	49	58	GNRA
1KXK_A:33-38	49	57	GNRA
3J79_A:3083-3088	49	57	GNRA
5XXB_1:2855-2860	49	57	Unknown hairpin loop
5T5H_A:842-847	49	57	Unknown hairpin loop
6D9J_5:4321-4326	49	57	Unknown hairpin loop
6GAZ_AA:941-946	49	58	Unknown hairpin loop
5T5H_A:427-432	49	58	Unknown hairpin loop
5XXB_1:390-395	49	58	Unknown hairpin loop
3J79_A:391-396	49	58	Unknown hairpin loop
5NGM_Aa:1021-1026	49	58	Unknown hairpin loop
6AZ3_1:745-750	49	57	Unknown hairpin loop
6ERI_BA:170-175	49	58	Unknown hairpin loop
4V91_1:2744-2749	49	57	Unknown hairpin loop
5MRC_aa:302-307	49	57	Unknown hairpin loop
6AZ3_1:423-428	49	58	Unknown hairpin loop
6ERI_BA:962-967	49	57	Unknown hairpin loop
5AN9_N:2486-2491	49	58	Unknown hairpin loop
5J7L_AA:1012-1017	49	58	Unknown hairpin loop
3J7Q_5:393-398	49	58	Unknown hairpin loop
6HA1_a:1022-1027	49	58	Unknown hairpin loop
3J9M_AA:1580-1585	49	58	Unknown hairpin loop
5ZEB_a:995-1000	49	58	Unknown hairpin loop
6AZ4_A:20-25	49	57	Unknown hairpin loop
3J7Q_5:4321-4326	49	57	Unknown hairpin loop
5XXB_1:794-799	49	57	Unknown hairpin loop
6D9J_5:393-398	49	58	Unknown hairpin loop
4V91_1:707-712	49	57	Unknown hairpin loop
5T5H_E:4-9	49	58	Unknown hairpin loop
3D0U_A:121-127	50	59	GNRA
4V9F_0:493-499	50	59	GNRA
5J7L_DA:611-617	50	59	Unknown hairpin loop
5TBW_1:1862-1868	50	59	Unknown hairpin loop
5TBW_1:1023-1029	50	59	Unknown hairpin loop
5V7Q_A:1865-1871	50	59	Unknown hairpin loop
5MRC_A:1713-1719	50	59	Unknown hairpin loop
3DIL_A:124-130	50	59	Unknown hairpin loop
3J7Q_5:2810-2816	50	59	Unknown hairpin loop
6D9J_3:49-55	50	59	Unknown hairpin loop
4V91_1:1023-1029	50	59	Unknown hairpin loop
4V91_1:1862-1868	50	59	Unknown hairpin loop
6HA1_a:472-478	50	59	Unknown hairpin loop
6HA1_x:49-55	50	59	Unknown hairpin loop
5XXB_4:108-114	50	59	Unknown hairpin loop
1N33_Y:32-38	50	59	Unknown hairpin loop
6D9J_5:2810-2816	50	59	Unknown hairpin loop
3J7Q_5:4139-4145	51	60	Unknown hairpin loop
1U6B_B:70-75	51	60	Unknown hairpin loop
6D9J_5:1404-1413	51	60	Unknown hairpin loop
6ERI_AA:1470-1481	52	61	Unknown hairpin loop
5O60_A:1671-1682	52	61	Unknown hairpin loop
6HA1_A:1497-1508	52	61	Unknown hairpin loop
6HA1_A:159-169	52	61	Unknown hairpin loop
4V8N_CV:13-24	52	61	Unknown hairpin loop
5XYI_2:182-194	52	61	Unknown hairpin loop
4V8P_D1:1488-1496	53	62	TL
5TBW_1:1462-1470	53	62	TL
5J7L_DA:1065-1073	53	62	Unknown hairpin loop
3J79_A:1611-1619	53	62	TL
4V91_1:1462-1470	53	62	Unknown hairpin loop
1EVV_A:31-39	53	62	Unknown hairpin loop
5Y58_X:297-305	53	62	Unknown hairpin loop
5J7L_AA:1357-1365	53	62	Unknown hairpin loop
6AZ1_1:865-873	53	62	Unknown hairpin loop
6AH3_T:31-39	53	62	Unknown hairpin loop
5XXB_1:1559-1567	53	62	Unknown hairpin loop
4WF9_X:654-662	53	62	Unknown hairpin loop
4LX6_A:31-39	54	63	Unknown hairpin loop
3IVN_A:22-30	54	63	Unknown hairpin loop
4XNR_X:31-39	54	63	Unknown hairpin loop
1Y26_X:31-39	54	63	Unknown hairpin loop
4V5O_BA:321-329	54	63	Unknown hairpin loop
4QEI_C:13-22	54	63	Unknown hairpin loop
5SWD_B:31-39	54	63	Unknown hairpin loop
3LA5_A:31-39	54	63	Unknown hairpin loop
5E6M_C:13-22	54	63	Unknown hairpin loop
3JAN_4:10-17	55	64	Unknown hairpin loop
1E8O_E:110-117	55	64	Unknown hairpin loop
6FRK_1:10-17	55	64	Unknown hairpin loop
4V9F_0:1387-1395	56	65	TL
4V8P_D1:3263-3271	56	65	Unknown hairpin loop
5V7Q_A:1412-1420	56	65	Unknown hairpin loop
5O60_A:1396-1404	56	65	Unknown hairpin loop
5O60_A:2528-2536	56	65	Unknown hairpin loop
4DR7_W:31-39	56	65	Unknown hairpin loop
4Y4O_2A:327-335	56	65	Unknown hairpin loop
3J79_A:3697-3705	56	65	Unknown hairpin loop
5V7Q_A:2542-2550	56	65	Unknown hairpin loop
4IOA_X:2794-2802	57	66	Unknown hairpin loop
4Y4O_2A:2819-2827	57	66	Unknown hairpin loop
6AZ3_5:12-20	57	66	Unknown hairpin loop
3JCS_5:12-20	57	66	Unknown hairpin loop
5T5H_H:13-21	57	66	Unknown hairpin loop
3DHS_A:313-324	58	67	Unknown hairpin loop
3J7P_S2:69-80	58	67	Unknown hairpin loop
2A64_A:313-324	58	67	Unknown hairpin loop
6D9J_2:69-80	58	67	Unknown hairpin loop
4V8P_D1:1886-1892	59	68	GNRA
6CHR_A:447-453	59	68	GNRA
4AL5_B:10-16	59	68	GNRA
2XLK_C:10-16	59	68	GNRA
4V9F_0:1594-1600	59	68	TL
5AN9_N:1238-1244	59	68	Unknown hairpin loop
1J1U_B:533-539	59	68	Unknown hairpin loop
4V8P_D1:2714-2720	59	68	Unknown hairpin loop
4V9F_0:670-676	59	68	Unknown hairpin loop
3ADD_C:15-20.A	60	69	Unknown hairpin loop
5V7Q_A:715-720	60	69	Unknown hairpin loop
3W3S_B:15-20.A	60	69	Unknown hairpin loop
3RG5_B:15-20.A	60	69	Unknown hairpin loop
4ZDO_E:15-20.A	60	69	Unknown hairpin loop
4V9F_0:576-581	61	70	GNRA
3IGI_A:89-94	61	71	GNRA
5FDV_1B:86-91	61	71	GNRA
2Z75_B:113-118	61	71	GNRA
4V9F_9:89-94	61	70	GNRA
4Y4O_2A:2856-2861	61	70	GNRA
4IOA_Y:88-93	61	71	GNRA
5J7L_AA:1265-1270	61	70	GNRA
4YAZ_R:25-30	61	70	GNRA
4Y4O_2A:1222-1227	61	70	GNRA
6HA1_A:2881-2886	61	71	Unknown hairpin loop
6ERI_BA:1214-1219	61	70	Unknown hairpin loop
361D_B:86-90	61	71	Unknown hairpin loop
3J7Q_5:4102-4107	61	71	Unknown hairpin loop
6D9J_2:1565-1570	61	71	Unknown hairpin loop
6HA1_a:1274-1279	61	70	Unknown hairpin loop
5V93_a:1257-1262	61	70	Unknown hairpin loop
3J7Q_5:2561-2566	61	70	Unknown hairpin loop
3J7P_S2:1565-1570	61	71	Unknown hairpin loop
5NGM_Aa:1275-1280	61	70	Unknown hairpin loop
361D_A:86-90	61	71	Unknown hairpin loop
5XY3_3:86-91	61	71	Unknown hairpin loop
2CZJ_H:53-61	62	72	TL
1U0B_A:53-61	62	72	TL
1B23_R:53-61	62	72	TL
2D6F_F:953-961	62	72	TL
2DLC_Y:553-561	62	72	TL
1QF6_B:53-61	62	72	TL
3EPH_E:53-61	62	73	TL
5AXM_P:53-61	62	73	TL
3VJR_B:13-21	62	73	TL
4V8Q_BY:66-74	62	72	TL
3ICQ_E:53-61	62	73	TL
5LZD_y:53-61	62	72	Unknown hairpin loop
4V4J_2:53-61	62	73	Unknown hairpin loop
6AH3_T:53-61	62	73	Unknown hairpin loop
4W29_AX:53-61	62	73	Unknown hairpin loop
1EVV_A:53-61	62	73	Unknown hairpin loop
6GZ4_Bw:53-61	62	73	Unknown hairpin loop
5IBB_1K:53-61	62	73	Unknown hairpin loop
5IBB_1L:53-61	62	73	Unknown hairpin loop
1ZL3_B:408-416	62	73	Unknown hairpin loop
5XXB_1:2649-2657	62	72	Unknown hairpin loop
1R3E_C:408-416	62	73	Unknown hairpin loop
5JU8_AY:53-61	62	73	Unknown hairpin loop
5T5H_B:1393-1437	62	72	Unknown hairpin loop
6GAZ_AA:426-436	63	74	Unknown hairpin loop
5XXB_1:2366-2376	63	75	Unknown hairpin loop
5T2A_B:436-446	63	75	Unknown hairpin loop
5J7L_AA:786-796	63	74	Unknown hairpin loop
6D9J_5:3757-3767	63	75	Unknown hairpin loop
3J79_A:2546-2556	63	75	Unknown hairpin loop
5AN9_N:2519-2529	63	75	Unknown hairpin loop
5XY3_1:1770-1780	63	75	Unknown hairpin loop
4LFB_A:786-796	63	74	Unknown hairpin loop
6AZ3_2:499-509	63	75	Unknown hairpin loop
5TBW_1:2253-2263	63	75	Unknown hairpin loop
6HA1_a:795-805	63	74	Unknown hairpin loop
5NGM_Aa:794-804	63	74	Unknown hairpin loop
5ZEB_a:766-776	63	74	Unknown hairpin loop
3J9M_AA:1074-1084	63	74	Unknown hairpin loop
6ERI_BA:735-745	63	74	Unknown hairpin loop
3J7Q_5:3757-3767	63	75	Unknown hairpin loop
5J7L_DA:158-168	63	75	Unknown hairpin loop
4V91_1:2253-2263	63	75	Unknown hairpin loop
5J7L_AA:1165-1171	64	76	Unknown hairpin loop
5T2A_B:44-50	64	76	Unknown hairpin loop
4V6E_AX:32-38	64	76	Unknown hairpin loop
4B3R_Z:32-38	64	76	Unknown hairpin loop
5TBW_1:687-693	64	76	Unknown hairpin loop
4V91_1:687-693	64	76	Unknown hairpin loop
5O5J_W:32-38	64	76	Unknown hairpin loop
4WF9_X:824-830	64	76	Unknown hairpin loop
5AJ0_Bv:32-38	64	76	Unknown hairpin loop
4V8P_D1:2908-2914	65	77	Unknown hairpin loop
6AZ3_2:1359-1365	65	77	Unknown hairpin loop
5OPT_E:1856-1862	65	77	Unknown hairpin loop
5AN9_N:3253-3259	65	77	Unknown hairpin loop
5XY3_1:2376-2382	65	77	Unknown hairpin loop
5OOL_A:3038-3044	65	77	Unknown hairpin loop
1QTQ_B:932-938	65	77	Unknown hairpin loop
4WF9_X:686-692	66	78	GNRA
3J9M_AA:1281-1287	66	78	Unknown hairpin loop
5V7Q_A:745-751	66	78	Unknown hairpin loop
4WF9_X:1674-1680	66	78	Unknown hairpin loop
6HA1_A:687-693	66	78	Unknown hairpin loop
6HA1_A:826-832	66	78	Unknown hairpin loop
4JYA_Y:32-38	66	78	Unknown hairpin loop
5O60_A:735-741	66	78	Unknown hairpin loop
6ERI_AA:790-796	66	78	Unknown hairpin loop
5XY3_1:1527-1533	66	78	Unknown hairpin loop
2A64_A:31-36	67	79	Unknown hairpin loop
6HA1_a:427-432	67	79	Unknown hairpin loop
3DHS_A:31-36	67	79	Unknown hairpin loop
5ZEB_a:82-87	67	79	Unknown hairpin loop
4WF9_X:427-439	68	80	Unknown hairpin loop
2HVY_E:23-35	68	80	Unknown hairpin loop
3HAX_E:23-35	68	80	Unknown hairpin loop
1Y27_X:59-67	69	81	Unknown hairpin loop
6D9J_2:1055-1063	69	81	Unknown hairpin loop
5KPY_A:59-67	69	81	Unknown hairpin loop
4FEN_B:59-67	69	81	Unknown hairpin loop
3J79_A:3063-3071	69	81	Unknown hairpin loop
4V9F_0:2506-2514	69	81	Unknown hairpin loop
5MRC_A:2861-2866	70	82	GNRA
5F9F_F:10-15	70	82	GNRA
4V5O_BA:1268-1273	70	82	GNRA
4V88_A6:1296-1301	70	82	GNRA
5J7L_AA:1076-1081	70	82	GNRA
5TBW_1:357-362	70	82	GNRA
4V9F_0:468-473	70	82	GNRA
4V91_1:357-362	70	82	Unknown hairpin loop
5XY3_1:330-335	70	82	Unknown hairpin loop
5O60_A:1336-1341	70	82	Unknown hairpin loop
6AZ3_3:5-10	70	82	Unknown hairpin loop
6AZ1_1:1648-1653	70	82	Unknown hairpin loop
3JCS_3:5-10	70	82	Unknown hairpin loop
6AZ3_8:88-93	70	82	Unknown hairpin loop
6ERI_AB:60-65	70	82	Unknown hairpin loop
3T4B_A:294-299	70	82	Unknown hairpin loop
5FLX_z:294-299	70	82	Unknown hairpin loop
4UYK_R:98-103	70	82	Unknown hairpin loop
5XXU_2:1291-1296	70	82	Unknown hairpin loop
6FYY_2:1295-1300	70	82	Unknown hairpin loop
1OOA_C:13-18	70	82	Unknown hairpin loop
5OPT_E:1764-1769	70	82	Unknown hairpin loop
6BK8_6:70-76	71	83	Unknown hairpin loop
1QU2_T:32-38	71	83	Unknown hairpin loop
3J79_A:2129-2135	71	83	Unknown hairpin loop
5XY3_4:107-113	71	83	Unknown hairpin loop
3P49_A:41-47	71	83	Unknown hairpin loop
1U0B_A:32-38	71	83	Unknown hairpin loop
6ASO_I:70-76	71	83	Unknown hairpin loop
5V93_a:320-331	72	84	Unknown hairpin loop
4PKD_V:92-103	72	84	Unknown hairpin loop
6AZ3_1:520-531	72	84	Unknown hairpin loop
5ZEB_a:321-332	72	84	Unknown hairpin loop
5XYI_2:324-335	72	84	Unknown hairpin loop
6F4H_D:6-17	73	85	Unknown hairpin loop
3MXH_R:65-75	73	85	Unknown hairpin loop
4C4W_H:11-22	73	85	Unknown hairpin loop
1URN_Q:5-16	73	85	Unknown hairpin loop
5DDO_A:34-45	73	85	Unknown hairpin loop
4PR6_B:147-158	73	85	Unknown hairpin loop
3K0J_E:22-33	73	85	Unknown hairpin loop
5DDP_A:34-45	73	85	Unknown hairpin loop
4PRF_B:147-158	73	85	Unknown hairpin loop
1M5K_B:35-46	73	85	Unknown hairpin loop
4PKD_V:64-75	73	85	Unknown hairpin loop
3EGZ_B:35-46	73	85	Unknown hairpin loop
4WF9_X:1426-1435	74	86	Unknown hairpin loop
5O60_A:1504-1513	74	86	Unknown hairpin loop
5XY3_1:1276-1285	74	86	Unknown hairpin loop
2XD0_W:4-13	74	86	Unknown hairpin loop
6HA1_A:1428-1437	74	86	Unknown hairpin loop
5V7Q_A:1520-1529	74	86	Unknown hairpin loop
3J79_A:1742-1751	74	86	Unknown hairpin loop
2XDB_G:4-13	74	86	Unknown hairpin loop
4V91_1:1565-1574	74	86	Unknown hairpin loop
4IOA_X:757-766	75	87	Unknown hairpin loop
3J7Q_5:1593-1602	75	87	Unknown hairpin loop
5T5H_A:1043-1052	75	87	Unknown hairpin loop
4V91_1:876-885	75	87	Unknown hairpin loop
4WF9_X:756-765	75	87	Unknown hairpin loop
6HA1_A:429-439	75	87	Unknown hairpin loop
5TBW_1:876-885	75	87	Unknown hairpin loop
6AZ3_1:927-936	75	87	Unknown hairpin loop
3J79_A:995-1004	75	87	Unknown hairpin loop
4V8P_D1:901-910	75	87	Unknown hairpin loop
5XXB_1:966-975	75	87	Unknown hairpin loop
5DH6_A:27-34	76	88	TL
5VPP_QV:33-40	76	88	Unknown hairpin loop
5VPP_XV:33-40	76	88	Unknown hairpin loop
5V7Q_A:388-395	76	88	Unknown hairpin loop
5VPO_XV:32-39	76	88	Unknown hairpin loop
6ELZ_6:11-17	77	89	Unknown hairpin loop
4P8Z_A:127-133	77	89	Unknown hairpin loop
6GSK_1K:54-60	77	89	Unknown hairpin loop
4WF9_X:2236-2242	77	89	Unknown hairpin loop
6HA1_A:2238-2244	77	89	Unknown hairpin loop
2ZNI_C:53-61	78	90	TL
6AHU_T:53-61	78	90	Unknown hairpin loop
5O2R_x:31-39	78	90	Unknown hairpin loop
6HA1_a:1366-1374	78	90	Unknown hairpin loop
5LZS_2:53-61	78	90	Unknown hairpin loop
5TBW_1:3303-3311	78	90	Unknown hairpin loop
4V91_1:3303-3311	78	90	Unknown hairpin loop
2R8S_R:166-174	78	90	Unknown hairpin loop
3J7P_S2:1658-1666	78	90	Unknown hairpin loop
6D9J_2:1658-1666	78	90	Unknown hairpin loop
4V9F_0:1990-1998	78	90	Unknown hairpin loop
5NGM_Aa:1367-1375	78	90	Unknown hairpin loop
6DB9_R:23-29	79	91	Unknown hairpin loop
3IVK_M:59-65	79	91	Unknown hairpin loop
4KZD_R:37-43	79	91	Unknown hairpin loop
5OOL_A:1989-1995	79	91	Unknown hairpin loop
6ERI_AA:1530-1536	79	91	Unknown hairpin loop
2A64_A:69-76	80	92	TL
3DHS_A:69-76	80	92	TL
4P5J_A:69-76	80	92	Unknown hairpin loop
3F2X_X:88-95	80	92	Unknown hairpin loop
6DN2_Y:88-95	80	92	Unknown hairpin loop
4V5O_BA:1211-1218	80	92	Unknown hairpin loop
5C45_Y:88-95	80	92	Unknown hairpin loop
6HA1_A:136-143	80	92	Unknown hairpin loop
3J7P_S2:957-966	81	93	Unknown hairpin loop
6ERI_AA:576-585	81	93	Unknown hairpin loop
6ERI_AA:755-764	81	93	Unknown hairpin loop
4V5O_BA:878-887	81	93	Unknown hairpin loop
6AZ1_1:1147-1156	81	93	Unknown hairpin loop
3J7A_A:969-978	81	93	Unknown hairpin loop
6FYY_2:899-908	81	93	Unknown hairpin loop
4V88_A6:900-909	81	93	Unknown hairpin loop
6D9J_2:957-966	81	93	Unknown hairpin loop
5XXU_2:897-906	81	93	Unknown hairpin loop
5OQL_1:1485-1494	81	93	Unknown hairpin loop
5OPT_E:1235-1244	81	93	Unknown hairpin loop
5J7L_DA:194-201	82	94	Unknown hairpin loop
5MRC_A:234-241	82	94	Unknown hairpin loop
4WF9_X:197-204	82	94	Unknown hairpin loop
6ERI_AA:179-186	82	94	Unknown hairpin loop
4V9F_0:164-171	82	94	Unknown hairpin loop
4IOA_X:171-178	82	94	Unknown hairpin loop
5O60_A:193-200	82	94	Unknown hairpin loop
6HA1_A:197-204	82	94	Unknown hairpin loop
4Y4O_2A:194-201	82	94	Unknown hairpin loop
5OOL_A:2497-2507	83	95	Unknown hairpin loop
6GAW_BA:829-839	83	95	Unknown hairpin loop
4Y4O_2A:1777-1787	83	95	Unknown hairpin loop
6ERI_AA:1787-1797	83	95	Unknown hairpin loop
4Y4O_2A:955-962	84	96	GNRA
4V9F_0:1916-1923	84	96	Unknown hairpin loop
1MMS_C:1092-1099	84	96	Unknown hairpin loop
4V9F_0:1196-1203	84	96	Unknown hairpin loop
3J79_A:135-142	84	96	Unknown hairpin loop
5J7L_DA:712-719	84	96	Unknown hairpin loop
6HA1_A:759-766	84	96	Unknown hairpin loop
5D8H_A:1202-1209	84	96	Unknown hairpin loop
5OPT_E:291-298	85	97	Unknown hairpin loop
5F5F_F:7-14	85	97	Unknown hairpin loop
6ELZ_6:36-43	85	97	Unknown hairpin loop
5F5F_B:7-14	85	97	Unknown hairpin loop
6CHR_A:466-473	85	97	Unknown hairpin loop
3J7A_A:399-410	86	98	TL
5OPT_E:440-451	86	98	Unknown hairpin loop
1NBS_B:96-107	86	98	Unknown hairpin loop
6AZ1_1:436-447	86	98	Unknown hairpin loop
6BK8_5:54-61	87	99	Unknown hairpin loop
4Y4O_2A:712-719	88	100	Unknown hairpin loop
3J7R_S5:13-22	88	100	Unknown hairpin loop
6HCJ_q3:13-22	88	100	Unknown hairpin loop
3J79_A:2513-2518	89	101	GNRA
6CHR_A:87-92	89	101	GNRA
1Y0Q_A:21-26	89	101	GNRA
1Y0Q_A:101-106	89	101	GNRA
5G2X_A:2458-2463	89	101	Unknown hairpin loop
5OOL_A:3081-3086	89	101	Unknown hairpin loop
5M3H_V:3-8	89	101	Unknown hairpin loop
5FMZ_H:3-8	89	101	Unknown hairpin loop
4IOA_X:202-207	89	101	Unknown hairpin loop
4WSB_V:3-8	89	101	Unknown hairpin loop
5O60_A:3077-3082	89	101	Unknown hairpin loop
4WRT_V:3-8	89	101	Unknown hairpin loop
5XXB_1:2333-2338	89	101	Unknown hairpin loop
5T83_A:77-85	90	102	Unknown hairpin loop
4V8P_D1:2662-2670	90	102	Unknown hairpin loop
1Y0Q_A:225-233	90	102	Unknown hairpin loop
4V88_A6:997-1007	91	103	Unknown hairpin loop
6FYY_2:996-1006	91	103	Unknown hairpin loop
3J7A_A:1066-1076	91	103	Unknown hairpin loop
4V5O_BA:975-985	91	103	Unknown hairpin loop
5XXU_2:994-1004	91	103	Unknown hairpin loop
3J7P_S2:1054-1064	91	103	Unknown hairpin loop
4AOB_A:49-54	92	104	GNRA
6CK5_A:27-32	93	105	Unknown hairpin loop
6AZ1_1:1662-1667	93	105	Unknown hairpin loop
5XY3_1:2087-2099	94	106	Unknown hairpin loop
4WQ1_3K:12-24	94	106	Unknown hairpin loop
1H3E_B:12-23	94	106	Unknown hairpin loop
5J7L_DA:1222-1227	95	107	GNRA
5XY3_1:1116-1121	95	107	Unknown hairpin loop
5V7Q_A:1771-1776	95	107	Unknown hairpin loop
3NDB_M:162-167	95	107	Unknown hairpin loop
4V9F_0:1468-1474	96	108	GNRA
5NGM_Aa:625-631	96	108	Unknown hairpin loop
6ERI_BA:566-572	96	108	Unknown hairpin loop
5J7L_AA:617-623	96	108	Unknown hairpin loop
6HA1_a:626-632	96	108	Unknown hairpin loop
4LFB_A:617-623	96	108	Unknown hairpin loop
6AZ3_1:1130-1136	96	108	Unknown hairpin loop
2AZX_D:532-538	96	108	Unknown hairpin loop
6D9J_2:1114-1119	97	109	Unknown hairpin loop
5OPT_E:266-271	97	109	Unknown hairpin loop
4V9F_0:1275-1281	97	109	Unknown hairpin loop
4LFB_A:296-301	98	110	GNRA
5J7L_AA:296-301	98	110	GNRA
4V5O_BA:1472-1477	98	110	GNRA
5T5H_B:566-571	98	110	Unknown hairpin loop
3J7Q_5:4646-4651	98	110	Unknown hairpin loop
5NGM_Aa:304-309	98	110	Unknown hairpin loop
5O60_A:1754-1759	98	110	Unknown hairpin loop
6D9J_5:1389-1394	98	110	Unknown hairpin loop
5ZEB_a:296-301	98	110	Unknown hairpin loop
6ERI_BA:1465-1470	98	110	Unknown hairpin loop
5XYI_2:1309-1314	98	110	Unknown hairpin loop
6HA1_a:304-309	98	110	Unknown hairpin loop
5DE8_A:8-29	99	111	Unknown hairpin loop
5DEA_C:8-29	99	111	Unknown hairpin loop
5ZEB_a:1339-1348	100	112	Unknown hairpin loop
3J7Q_5:1364-1373	100	112	Unknown hairpin loop
6CHR_A:126-144	101	113	Unknown hairpin loop
4WF9_X:1491-1509	101	113	Unknown hairpin loop
2Z75_B:47-68	101	113	Unknown hairpin loop
3F2X_X:17-25	102	114	TL
3F2X_X:68-76	102	114	TL
5C45_Y:68-76	102	114	TL
5C45_X:17-25	102	114	TL
4FRG_B:28-36	102	114	TL
6DN2_X:17-25	102	114	TL
6DN2_Y:68-76	102	114	TL
6FYY_2:764-772	102	114	Unknown hairpin loop
3J7A_A:814-822	102	114	Unknown hairpin loop
4V88_A6:764-772	102	114	Unknown hairpin loop
5TBW_1:2442-2505	102	114	Unknown hairpin loop
4IOA_X:396-404	102	114	Unknown hairpin loop
4V88_A6:521-531	103	115	Unknown hairpin loop
5J7L_DA:1910-1920	103	115	Unknown hairpin loop
6ERI_AA:1924-1934	103	115	Unknown hairpin loop
6FYY_2:520-530	103	115	Unknown hairpin loop
5V7Q_A:2148-2158	103	115	Unknown hairpin loop
5O60_A:2134-2144	103	115	Unknown hairpin loop
4V9F_0:1833-1843	103	115	Unknown hairpin loop
6HA1_A:1939-1949	103	115	Unknown hairpin loop
4Y4O_2A:1910-1920	103	115	Unknown hairpin loop
1QTQ_B:912-923	104	116	Unknown hairpin loop
4V7M_AY:12-22	104	116	Unknown hairpin loop
5OQL_1:978-988	104	116	Unknown hairpin loop
4JXZ_B:912-923	104	116	Unknown hairpin loop
6DLR_A:61-66	105	117	Unknown hairpin loop
4WF9_Y:83-88	105	117	Unknown hairpin loop
5GAN_V:36-41	105	117	Unknown hairpin loop
5GAP_V:36-41	105	117	Unknown hairpin loop
6HA1_a:1144-1149	105	117	Unknown hairpin loop
4V8P_D1:216-224	106	118	Unknown hairpin loop
4KQY_A:94-102	106	118	Unknown hairpin loop
6HA1_A:371-379	106	118	Unknown hairpin loop
4V9F_0:334-342	106	118	Unknown hairpin loop
5G2X_A:495-503	107	119	Unknown hairpin loop
5J7L_DA:327-335	107	119	Unknown hairpin loop
5T5A_A:21-29	107	119	Unknown hairpin loop
5O60_A:894-900	108	120	Unknown hairpin loop
4V9F_0:872-878	108	120	Unknown hairpin loop
6GAW_BA:80-86	108	120	Unknown hairpin loop
5V7Q_A:908-914	108	120	Unknown hairpin loop
5J7L_DA:779-785	108	120	Unknown hairpin loop
3RG5_B:32-38	109	121	Unknown hairpin loop
5L4O_A:32-38	109	121	Unknown hairpin loop
5T83_A:57-63	109	121	Unknown hairpin loop
2ZNI_C:32-38	109	121	Unknown hairpin loop
5XY3_1:462-468	110	122	Unknown hairpin loop
5TBW_4:108-114	110	122	Unknown hairpin loop
5ZEB_a:597-603	110	122	Unknown hairpin loop
5V93_a:608-614	110	122	Unknown hairpin loop
4V91_4:108-114	110	122	Unknown hairpin loop
3NKB_B:20-28	111	123	Unknown hairpin loop
4XWF_A:50-60	111	123	Unknown hairpin loop
5J7L_AA:1314-1323	112	124	Unknown hairpin loop
5ZEB_a:1296-1305	112	124	Unknown hairpin loop
6HA1_a:1323-1332	112	124	Unknown hairpin loop
1E8O_E:131-140	112	124	Unknown hairpin loop
4RGE_C:29-38	112	124	Unknown hairpin loop
6ERI_BA:1263-1272	112	124	Unknown hairpin loop
3JAN_4:31-40	112	124	Unknown hairpin loop
6FRK_1:31-40	112	124	Unknown hairpin loop
5V93_a:1306-1315	112	124	Unknown hairpin loop
3J79_A:1030-1036	113	125	Unknown hairpin loop
5XXB_1:1001-1007	113	125	Unknown hairpin loop
4V8P_D1:936-942	113	125	Unknown hairpin loop
6AZ3_1:962-968	113	125	Unknown hairpin loop
6D9J_5:1628-1634	113	125	Unknown hairpin loop
5T5H_A:1078-1084	113	125	Unknown hairpin loop
5TBW_1:911-917	113	125	Unknown hairpin loop
5XY3_1:638-644	113	125	Unknown hairpin loop
4V91_1:911-917	113	125	Unknown hairpin loop
5MRC_A:1581-1589	114	126	GNRA
4WF9_X:2839-2847	114	126	Unknown hairpin loop
6HA1_A:2844-2852	114	126	Unknown hairpin loop
5J7L_DA:2819-2827	115	127	Unknown hairpin loop
4V9F_0:2338-2346	115	127	Unknown hairpin loop
3J7Q_5:1627-1635	115	127	Unknown hairpin loop
4Y4O_2A:641-647	116	128	GNRA
4IOA_X:1797-1803	116	128	GNRA
3J7Q_5:1763-1769	116	128	Unknown hairpin loop
5OPT_E:158-164	116	128	Unknown hairpin loop
6AZ1_1:159-165	116	128	Unknown hairpin loop
6AZ3_7:107-113	116	128	Unknown hairpin loop
3IGI_A:135-141	116	128	Unknown hairpin loop
6AZ3_2:615-624	117	129	Unknown hairpin loop
5T2A_B:552-561	117	129	Unknown hairpin loop
5T5H_B:715-724	117	129	Unknown hairpin loop
6AHD_H:52-61	118	130	Unknown hairpin loop
5XXB_1:1693-1702	118	130	Unknown hairpin loop
4V8P_D1:1624-1633	118	130	Unknown hairpin loop
6AZ1_1:1970-1979	118	130	Unknown hairpin loop
4Y4O_2A:1389-1398	118	130	Unknown hairpin loop
5J7L_DA:1389-1398	118	130	Unknown hairpin loop
4V9F_0:1498-1507	118	130	Unknown hairpin loop
4LFB_A:1314-1323	119	131	TL
4OJI_A:23-32	119	131	Unknown hairpin loop
4QJD_D:43-52	119	131	Unknown hairpin loop
5XXB_1:3222-3236	120	132	Unknown hairpin loop
5TBW_1:3110-3124	120	132	Unknown hairpin loop
3J79_A:3494-3509	120	132	Unknown hairpin loop
6D9J_5:4688-4702	120	132	Unknown hairpin loop
3J7Q_5:4689-4701	120	132	Unknown hairpin loop
5AN9_N:3446-3460	120	132	Unknown hairpin loop
6AZ3_4:138-152	120	132	Unknown hairpin loop
4V91_1:3110-3124	120	132	Unknown hairpin loop
3TUP_T:13-22	121	133	Unknown hairpin loop
4V5G_AY:13-22	121	133	Unknown hairpin loop
5E81_1K:13-22	121	133	Unknown hairpin loop
6GSK_1K:13-22	121	133	Unknown hairpin loop
1N78_C:513-522	121	133	Unknown hairpin loop
6D9J_5:289-298	121	133	Unknown hairpin loop
1QF6_B:13-22	121	133	Unknown hairpin loop
6HD7_A:13-22	121	133	Unknown hairpin loop
3Q1Q_C:13-22	121	133	Unknown hairpin loop
4V91_1:2535-2544	122	134	Unknown hairpin loop
5MRC_aa:1171-1180	122	134	Unknown hairpin loop
5TBW_1:2535-2544	122	134	Unknown hairpin loop
5O60_A:2579-2586	123	135	Unknown hairpin loop
6GAW_BA:442-449	123	135	Unknown hairpin loop
4Y4O_2A:1451-1459	123	135	Unknown hairpin loop
2A43_A:6-13	124	136	Unknown hairpin loop
1L2X_A:7-14	124	136	Unknown hairpin loop
2NR0_E:12-23	125	137	Unknown hairpin loop
6HA1_x:12-24	125	137	Unknown hairpin loop
6D9J_3:12-24	125	137	Unknown hairpin loop
4WSM_3L:12-24	125	137	Unknown hairpin loop
6ERI_BA:789-796	126	138	Unknown hairpin loop
5T5H_A:1784-1791	126	138	Unknown hairpin loop
6GAZ_AA:598-605	126	138	Unknown hairpin loop
4JRC_B:51-63	127	139	TL
4MGN_A:51-63	127	139	TL
5MRC_aa:491-498	128	140	Unknown hairpin loop
4JV5_Y:31-39	128	140	Unknown hairpin loop
5J7L_DA:744-753	128	140	Unknown hairpin loop
4K0K_Y:31-39	128	140	Unknown hairpin loop
3ADD_C:53-61	129	141	TL
3RG5_B:53-61	129	141	TL
5AN9_N:3057-3065	129	141	Unknown hairpin loop
4FRN_B:56-64	129	141	Unknown hairpin loop
6GAW_BA:1294-1302	129	141	Unknown hairpin loop
4FRG_B:58-66	129	141	Unknown hairpin loop
4ZDO_E:53-61	129	141	Unknown hairpin loop
1IL2_C:953-961	129	141	Unknown hairpin loop
3Q3Z_V:31-46	130	142	Unknown hairpin loop
4WF9_X:157-171	130	142	Unknown hairpin loop
5OPT_E:2025-2042	130	142	Unknown hairpin loop
5MRC_bb:31-39	131	143	Unknown hairpin loop
3J7A_A:529-537	131	143	Unknown hairpin loop
5XYI_2:817-827	132	144	Unknown hairpin loop
4IOA_X:1075-1085	132	144	Unknown hairpin loop
5OPT_E:1332-1342	132	144	Unknown hairpin loop
6AZ1_1:1244-1254	132	144	Unknown hairpin loop
5O60_A:1182-1192	132	144	Unknown hairpin loop
6CFJ_1x:13-22	133	145	Unknown hairpin loop
5L4O_A:13-22	133	145	Unknown hairpin loop
5V7Q_A:471-481	133	145	Unknown hairpin loop
5MGP_x:13-22	133	145	Unknown hairpin loop
1J1U_B:513-523	133	145	Unknown hairpin loop
3J92_2:13-22	133	145	Unknown hairpin loop
4WT8_D4:13-23	133	145	Unknown hairpin loop
4TUE_QV:12-22	133	145	Unknown hairpin loop
5O60_A:470-480	133	145	Unknown hairpin loop
6I0Y_V:13-22	133	145	Unknown hairpin loop
5MRC_A:539-546	134	146	Unknown hairpin loop
5MRC_A:347-355	134	146	Unknown hairpin loop
4WF9_X:1318-1326	135	147	TL
4Y4O_2A:1281-1289	135	147	TL
4GMA_Z:58-66	135	147	TL
6CHR_A:31-39	135	147	TL
6HA1_A:1320-1328	135	147	Unknown hairpin loop
2AKE_B:13-22	135	147	Unknown hairpin loop
6CU1_A:58-66	135	147	Unknown hairpin loop
4IOA_X:1294-1302	135	147	TL
6ERI_AA:1302-1310	135	147	Unknown hairpin loop
6ERI_BA:231-239	135	147	Unknown hairpin loop
5TBW_1:216-224	135	147	Unknown hairpin loop
3SKL_B:38-46	135	147	Unknown hairpin loop
3AL0_E:13-22	135	147	Unknown hairpin loop
4V91_1:216-224	135	147	Unknown hairpin loop
2AZX_D:513-522	135	147	Unknown hairpin loop
3SKI_A:39-47	135	147	Unknown hairpin loop
6ERI_AA:336-344	135	147	Unknown hairpin loop
5XXB_1:219-227	135	147	Unknown hairpin loop
6AZ3_1:1651-1658	136	148	Unknown hairpin loop
6AZ1_1:291-298	136	148	Unknown hairpin loop
5V93_a:210-217	136	148	Unknown hairpin loop
3J7Q_5:204-211	136	148	Unknown hairpin loop
5F5H_C:8-15	136	148	Unknown hairpin loop
5F5H_D:8-15	136	148	Unknown hairpin loop
5XXB_4:47-56	137	149	Unknown hairpin loop
6ERI_AA:2223-2232	137	149	Unknown hairpin loop
5ZEB_a:945-954	137	149	Unknown hairpin loop
2ZY6_A:12-24	138	150	Unknown hairpin loop
4RMO_B:11-22	138	150	Unknown hairpin loop
4V9F_0:1950-1962	138	150	Unknown hairpin loop
6ERI_AA:2568-2574	139	151	Unknown hairpin loop
5OPT_E:937-943	139	151	Unknown hairpin loop
4V88_A6:716-722	139	151	Unknown hairpin loop
5J7L_DA:2551-2557	139	151	Unknown hairpin loop
5MRC_A:2818-2824	139	151	Unknown hairpin loop
5O60_A:387-394	140	152	Unknown hairpin loop
5T5H_A:320-327	140	152	Unknown hairpin loop
5XWG_A:8-16	141	153	Unknown hairpin loop
5XY3_1:2296-2304	141	153	Unknown hairpin loop
3TUP_T:31-39	141	153	Unknown hairpin loop
5OOL_A:3216-3224	142	154	Unknown hairpin loop
6CK5_A:84-92	142	154	Unknown hairpin loop
3J7Q_5:4250-4258	142	154	Unknown hairpin loop
2DER_D:13-22	143	155	Unknown hairpin loop
5HR7_D:13-22	143	155	Unknown hairpin loop
4PJO_1:17-27	143	155	Unknown hairpin loop
5HR6_C:12-22	143	155	Unknown hairpin loop
3J79_C:111-117	144	156	Unknown hairpin loop
3J9M_AA:1522-1528	144	156	Unknown hairpin loop
5MRC_aa:153-159	144	156	Unknown hairpin loop
5T5H_B:45-51	144	156	Unknown hairpin loop
5MRC_A:3081-3096	145	157	Unknown hairpin loop
3J79_A:2972-2984	145	157	Unknown hairpin loop
5V7Q_B:83-88	146	158	Unknown hairpin loop
3J7Q_5:1178-1183	146	158	Unknown hairpin loop
6HA1_A:791-800	147	159	Unknown hairpin loop
4IOA_X:2010-2019	147	159	Unknown hairpin loop
5O60_A:2251-2260	147	159	Unknown hairpin loop
4WF9_X:789-798	147	159	Unknown hairpin loop
5V7Q_A:2265-2274	147	159	Unknown hairpin loop
6GAW_BA:291-300	147	159	Unknown hairpin loop
5T7V_D:52-62	148	160	Unknown hairpin loop
5BTP_B:62-72	148	160	Unknown hairpin loop
4Y4O_2A:59-68	148	160	Unknown hairpin loop
6D9J_5:3639-3649	149	161	Unknown hairpin loop
3J7Q_5:3639-3649	149	161	Unknown hairpin loop
5AN9_N:2402-2412	149	161	Unknown hairpin loop
5XXB_1:2249-2259	149	161	Unknown hairpin loop
5J7L_DA:1777-1787	149	161	Unknown hairpin loop
3J79_A:2428-2438	149	161	Unknown hairpin loop
6GAW_BA:1164-1176	150	162	Unknown hairpin loop
5XY3_1:1651-1661	151	163	Unknown hairpin loop
5T5H_B:481-491	151	163	Unknown hairpin loop
4V8P_D1:2131-2141	151	163	Unknown hairpin loop
5T2A_B:318-328	151	163	Unknown hairpin loop
3J79_A:3127-3133	152	164	Unknown hairpin loop
5TBW_1:2293-2299	152	164	Unknown hairpin loop
4V8P_D1:2288-2294	152	164	Unknown hairpin loop
4V91_1:2293-2299	152	164	Unknown hairpin loop
3J79_A:2586-2592	152	164	Unknown hairpin loop
5XXB_1:2406-2412	152	164	Unknown hairpin loop
6D9J_5:3797-3803	152	164	Unknown hairpin loop
5T5H_B:894-899	153	165	Unknown hairpin loop
3Q1Q_B:165-173	154	166	Unknown hairpin loop
1U9S_A:181-189	154	166	Unknown hairpin loop
3J79_A:224-232	154	166	Unknown hairpin loop
6ERI_AA:2321-2329	154	166	Unknown hairpin loop
4IOA_X:2189-2196	155	167	Unknown hairpin loop
5XY3_1:2036-2043	155	167	Unknown hairpin loop
5OOL_A:1722-1729	155	167	Unknown hairpin loop
4WSM_3L:32-40	156	168	Unknown hairpin loop
3J7A_A:336-344	156	168	Unknown hairpin loop
6D9J_3:32-40	156	168	Unknown hairpin loop
6HA1_x:32-40	156	168	Unknown hairpin loop
3IGI_A:30-38	157	169	TL
4LFB_A:259-267	157	169	Unknown hairpin loop
3EPH_E:13-22	157	169	Unknown hairpin loop
4FEN_B:31-39	157	169	Unknown hairpin loop
4MGN_B:13-21	157	169	Unknown hairpin loop
1Y27_X:31-39	157	169	Unknown hairpin loop
5KPY_A:31-39	157	169	Unknown hairpin loop
4LCK_B:13-21	157	169	Unknown hairpin loop
6CHR_A:390-395	158	170	GNRA
4IOA_X:2831-2836	158	170	GNRA
4V8P_D1:2531-2536	158	170	GNRA
4V8P_D1:582-587	158	170	GNRA
4WSM_1K:49-54	158	170	Unknown hairpin loop
5MRC_aa:1123-1128	158	170	Unknown hairpin loop
5XYI_2:566-571	158	170	Unknown hairpin loop
6GAW_BA:1417-1422	158	170	Unknown hairpin loop
6D9J_2:1178-1183	158	170	Unknown hairpin loop
5MRC_aa:962-967	158	170	Unknown hairpin loop
3J7P_S2:1178-1183	158	170	Unknown hairpin loop
4V5O_BA:226-231	158	170	Unknown hairpin loop
6HA1_A:228-233	158	170	Unknown hairpin loop
5OQL_2:141-146	158	170	Unknown hairpin loop
5O60_A:246-252	159	171	Unknown hairpin loop
5V7Q_A:248-254	159	171	Unknown hairpin loop
4XW1_C:1-6	160	172	Unknown hairpin loop
5V93_a:1442-1447	160	172	Unknown hairpin loop
3J7Q_5:1406-1411	160	172	Unknown hairpin loop
3U4M_B:2143-2148	160	172	Unknown hairpin loop
3JB9_P:122-133	161	173	Unknown hairpin loop
6ERI_AA:621-629	162	174	Unknown hairpin loop
5O60_A:3040-3048	162	174	Unknown hairpin loop
4WF9_X:999-1006	163	175	GNRA
5XXB_1:197-204	163	175	Unknown hairpin loop
5XY3_1:172-179	163	175	Unknown hairpin loop
6AZ1_1:2014-2022	164	176	Unknown hairpin loop
5OPT_E:2128-2136	164	176	Unknown hairpin loop
1KOG_O:82-90	165	177	Unknown hairpin loop
6I0Y_V:31-39	166	178	Unknown hairpin loop
3J7Q_5:230-238	166	178	Unknown hairpin loop
6D9J_5:230-238	166	178	Unknown hairpin loop
5ZEB_a:259-267	166	178	Unknown hairpin loop
4RUM_A:69-78	167	179	Unknown hairpin loop
1H3E_B:31-39	168	180	Unknown hairpin loop
3J9M_AA:1399-1407	168	180	Unknown hairpin loop
1B23_R:31-39	168	180	Unknown hairpin loop
4WF9_X:370-378	168	180	Unknown hairpin loop
3RKF_C:59-67	168	180	Unknown hairpin loop
6B46_M:46-60	169	181	Unknown hairpin loop
6GSL_1L:13-23	170	182	Unknown hairpin loop
6ERI_AA:394-404	170	182	Unknown hairpin loop
5TBW_1:1239-1249	170	182	Unknown hairpin loop
3RG5_B:47.C-47.H	171	183	GNRA
5DH6_A:16-21	171	183	Unknown hairpin loop
2QUW_B:32-37	171	183	Unknown hairpin loop
5T5H_G:126-156	171	183	Unknown hairpin loop
2QUS_A:32-37	171	183	Unknown hairpin loop
4IOA_X:498-503	172	184	GNRA
4Y4O_2A:487-493	172	184	GNRA
4V8P_C3:86-91	172	184	GNRA
4V9F_0:2248-2253	172	184	GNRA
5XXB_3:86-91	172	184	Unknown hairpin loop
5V7Q_A:576-581	172	184	Unknown hairpin loop
3J7Q_5:4907-4914	172	184	Unknown hairpin loop
5O60_A:575-580	172	184	Unknown hairpin loop
5MRC_aa:753-765	173	185	Unknown hairpin loop
3Q1Q_C:37-42	174	186	GNRA
6GAZ_AA:160-165	174	186	Unknown hairpin loop
3J9M_AA:894-899	174	186	Unknown hairpin loop
4V5O_BA:1282-1287	175	187	Unknown hairpin loop
4V88_A6:1310-1315	175	187	Unknown hairpin loop
6FYY_2:1309-1314	175	187	Unknown hairpin loop
4IOA_X:966-973	176	188	GNRA
6AZ3_1:129-136	176	188	Unknown hairpin loop
5J7L_DA:225-230	177	189	Unknown hairpin loop
6GAW_BA:887-892	177	189	Unknown hairpin loop
6AZ3_1:67-72	177	189	Unknown hairpin loop
5T5H_A:68-73	177	189	Unknown hairpin loop
4V91_1:69-74	177	189	Unknown hairpin loop
5TBW_1:69-74	177	189	Unknown hairpin loop
3J7Q_8:107-112	178	190	Unknown hairpin loop
4V8P_D1:1594-1599	178	190	Unknown hairpin loop
3D2V_A:17-22	178	190	Unknown hairpin loop
4V5O_BA:1522-1533	179	191	TL
5MRC_A:635-644	180	192	Unknown hairpin loop
6D9J_2:1295-1304	180	192	Unknown hairpin loop
5TBW_1:1599-1608	180	192	Unknown hairpin loop
5G2X_A:31-41	180	192	Unknown hairpin loop
6ERI_AA:1410-1419	180	192	Unknown hairpin loop
4V91_1:1599-1608	180	192	Unknown hairpin loop
5XXU_2:1233-1242	180	192	Unknown hairpin loop
4YCP_B:13-22	181	193	Unknown hairpin loop
3J7P_S2:414-423	181	193	Unknown hairpin loop
4V88_A6:1238-1247	181	193	Unknown hairpin loop
6FYY_2:1237-1246	181	193	Unknown hairpin loop
1IL2_C:913-922	181	193	Unknown hairpin loop
3J7Q_5:2523-2532	182	194	Unknown hairpin loop
4IOA_X:58-67	182	194	Unknown hairpin loop
6D9J_5:2523-2532	182	194	Unknown hairpin loop
3J7Q_5:68-73	183	195	Unknown hairpin loop
6GAW_BA:1489-1495	183	195	Unknown hairpin loop
3J79_A:2458-2463	183	195	Unknown hairpin loop
5OOL_A:3154-3159	183	195	Unknown hairpin loop
6D9J_5:68-73	183	195	Unknown hairpin loop
6ERI_BA:74-82	184	196	Unknown hairpin loop
6D9J_5:1479-1486	185	197	Unknown hairpin loop
3J7Q_5:1479-1486	185	197	Unknown hairpin loop
3KTW_C:163-168	186	198	GNRA
6ERI_Ax:86-91	186	198	Unknown hairpin loop
3J7P_S2:539-544	187	199	Unknown hairpin loop
4V88_A6:190-195	187	199	Unknown hairpin loop
6D9J_2:539-544	187	199	Unknown hairpin loop
6AZ3_1:720-731	188	200	Unknown hairpin loop
5JTE_AX:13-22	188	200	Unknown hairpin loop
6HD7_B:13-22	188	200	Unknown hairpin loop
1C0A_B:613-622	188	200	Unknown hairpin loop
4RDX_C:30-40	188	200	Unknown hairpin loop
5TBW_1:640-649	189	201	Unknown hairpin loop
3J7Q_5:1317-1326	189	201	Unknown hairpin loop
5T5H_A:769-778	189	201	Unknown hairpin loop
4WF9_X:59-68	189	201	Unknown hairpin loop
5XY3_1:415-424	189	201	Unknown hairpin loop
3J7A_7:12-22	190	202	Unknown hairpin loop
3J9W_AX:13-22	190	202	Unknown hairpin loop
3A2K_C:13-23	190	202	Unknown hairpin loop
4V8P_D1:486-493	191	203	Unknown hairpin loop
6GAZ_AA:568-577	192	204	Unknown hairpin loop
3J7P_S2:1245-1254	192	204	Unknown hairpin loop
4FRN_B:28-36	193	205	TL
5XYI_2:1203-1211	193	205	Unknown hairpin loop
5UD5_C:53-61	193	205	Unknown hairpin loop
5XXU_2:761-769	193	205	Unknown hairpin loop
4YYE_C:31-39	194	206	Unknown hairpin loop
4V88_A6:1056-1063	194	206	Unknown hairpin loop
5T2A_B:996-1008	195	207	Unknown hairpin loop
1EC6_C:5-16	195	207	Unknown hairpin loop
6AZ3_2:1061-1073	195	207	Unknown hairpin loop
5T5H_B:1192-1204	195	207	Unknown hairpin loop
6D9J_5:4906-4915	196	208	Unknown hairpin loop
5MRC_A:2454-2462	197	209	Unknown hairpin loop
6DME_A:79-87	197	209	Unknown hairpin loop
3DIL_A:41-54	198	210	Unknown hairpin loop
3D0U_A:38-51	198	210	Unknown hairpin loop
6ERI_AA:2421-2430	199	211	Unknown hairpin loop
5OOL_A:2690-2699	199	211	Unknown hairpin loop
5BJO_E:9-18	199	211	Unknown hairpin loop
6GAW_BA:1022-1031	199	211	Unknown hairpin loop
5T5H_E:52-60	200	212	Unknown hairpin loop
6AZ1_1:374-382	201	213	Unknown hairpin loop
5OPT_E:378-386	201	213	Unknown hairpin loop
3ZGZ_B:12-23	202	214	Unknown hairpin loop
5XXB_1:601-609	203	215	Unknown hairpin loop
6FYY_2:715-723	203	215	Unknown hairpin loop
4V91_4:47-56	204	216	Unknown hairpin loop
4V8P_C2:50-59	204	216	Unknown hairpin loop
387D_A:4-13	204	216	Unknown hairpin loop
4Y4O_2A:744-753	204	216	Unknown hairpin loop
5HR6_C:31-39	205	217	Unknown hairpin loop
5HR7_D:31-39	205	217	Unknown hairpin loop
3JCS_3:151-169	206	218	Unknown hairpin loop
3J7P_S2:1108-1124	206	218	Unknown hairpin loop
5OPT_E:722-738	206	218	Unknown hairpin loop
3J7P_S2:1460-1466	207	219	Unknown hairpin loop
6D9J_2:1460-1466	207	219	Unknown hairpin loop
5G2X_A:48-59	208	220	Unknown hairpin loop
5J7L_AA:1027-1034	209	221	Unknown hairpin loop
5NGM_Aa:216-223	209	221	Unknown hairpin loop
5J7L_DA:955-962	210	222	Unknown hairpin loop
4P5J_A:7-14	210	222	Unknown hairpin loop
5OOL_A:2202-2209	210	222	Unknown hairpin loop
6HA1_A:588-595	210	222	Unknown hairpin loop
3EGZ_B:13-23	211	223	Unknown hairpin loop
5OOL_A:2107-2114	212	224	Unknown hairpin loop
3NVK_K:9-16	212	224	Unknown hairpin loop
5NGM_Aa:386-393	212	224	Unknown hairpin loop
5J7L_DA:305-312	213	225	TL
4WF9_X:348-355	213	225	TL
4IOA_X:316-323	213	225	TL
6ERI_AA:723-730	213	225	Unknown hairpin loop
5V7Q_A:1083-1090	213	225	Unknown hairpin loop
6HA1_A:349-356	213	225	Unknown hairpin loop
5MRC_A:881-888	213	225	Unknown hairpin loop
5O60_A:1072-1079	213	225	Unknown hairpin loop
5V7Q_A:841-848	213	225	Unknown hairpin loop
5O60_A:827-834	213	225	Unknown hairpin loop
4KJI_C:5-12	213	225	Unknown hairpin loop
6ERI_AA:983-990	213	225	Unknown hairpin loop
3J7Q_5:290-297	214	226	Unknown hairpin loop
5V7Q_A:137-144	214	226	Unknown hairpin loop
5TBW_1:279-286	214	226	Unknown hairpin loop
5O60_A:134-141	214	226	Unknown hairpin loop
5AH5_D:12-23	215	227	Unknown hairpin loop
5XXB_1:2744-2756	215	227	Unknown hairpin loop
4Y4O_2A:2264-2276	215	227	Unknown hairpin loop
4WF9_X:2291-2303	215	227	Unknown hairpin loop
6HA1_A:2293-2305	215	227	Unknown hairpin loop
5J7L_DA:2264-2276	215	227	Unknown hairpin loop
4V9F_0:2298-2310	215	227	Unknown hairpin loop
5WNT_b:31-39	216	228	Unknown hairpin loop
1FIR_A:31-39	216	228	Unknown hairpin loop
5WNP_b:31-39	216	228	Unknown hairpin loop
6MTC_4:31-39	216	228	Unknown hairpin loop
5EL4_3L:31-39	216	228	Unknown hairpin loop
5E81_3L:31-39	216	228	Unknown hairpin loop
5IB8_1L:31-39	216	228	Unknown hairpin loop
5OQL_1:1641-1647	217	229	Unknown hairpin loop
4V9I_AY:11-24	218	230	Unknown hairpin loop
5XXB_1:3388-3396	219	231	Unknown hairpin loop
3PDR_X:68-73	220	232	GNRA
5MRC_A:265-270	220	232	Unknown hairpin loop
6D9J_2:1142-1146	220	232	Unknown hairpin loop
5T5H_A:1250-1263	220	232	Unknown hairpin loop
6D9J_5:2665-2670	221	233	Unknown hairpin loop
5XYM_B:85-90	221	233	Unknown hairpin loop
4V8P_C2:122-129	222	234	Unknown hairpin loop
6GAZ_AA:343-350	222	234	Unknown hairpin loop
6GAW_BA:270-277	222	234	Unknown hairpin loop
4JXZ_B:932-938	223	235	Unknown hairpin loop
2QUS_A:18-26	224	236	Unknown hairpin loop
2QUW_B:18-26	224	236	Unknown hairpin loop
6HIX_AA:823-830	225	237	Unknown hairpin loop
5OQL_1:827-834	226	238	Unknown hairpin loop
5ZEB_a:1114-1121	226	238	Unknown hairpin loop
5XJC_H:73-79	227	239	Unknown hairpin loop
5JTE_AX:32-38	227	239	Unknown hairpin loop
5XXB_1:1820-1826	228	240	Unknown hairpin loop
5MRC_A:1643-1649	228	240	Unknown hairpin loop
2D6F_F:932-938	228	240	Unknown hairpin loop
5XY3_1:2126-2136	229	241	Unknown hairpin loop
6ERI_BA:422-432	229	241	Unknown hairpin loop
5AN9_N:2431-2436	230	242	Unknown hairpin loop
4WF9_X:228-233	230	242	Unknown hairpin loop
3J7P_S2:1614-1625	231	243	Unknown hairpin loop
5OPT_E:2083-2094	231	243	Unknown hairpin loop
5XXU_2:1548-1559	231	243	Unknown hairpin loop
3J7A_A:1847-1858	231	243	Unknown hairpin loop
5J7L_AA:1134-1140	232	244	Unknown hairpin loop
6HCJ_33:30-38	233	245	Unknown hairpin loop
4V5O_BA:1364-1375	234	246	Unknown hairpin loop
6D9J_5:4210-4222	235	247	Unknown hairpin loop
3J7Q_5:4210-4222	235	247	Unknown hairpin loop
3IVN_A:49-59	236	248	Unknown hairpin loop
4GXY_A:49-57	237	249	TL
5XYI_2:612-620	237	249	Unknown hairpin loop
5J7L_DA:2304-2312	237	249	Unknown hairpin loop
5LZS_3:13-22	237	249	Unknown hairpin loop
5Y85_D:11-19	237	249	Unknown hairpin loop
6CU1_A:24-32	237	249	Unknown hairpin loop
2ZZM_B:12-23	238	250	Unknown hairpin loop
4GCW_B:11-24	238	250	Unknown hairpin loop
1WZ2_D:912-926	238	250	Unknown hairpin loop
1F7U_B:913-922	239	251	Unknown hairpin loop
4LFB_A:1357-1365	239	251	Unknown hairpin loop
4QJH_F:39-48	239	251	Unknown hairpin loop
6ERI_BA:1306-1315	239	251	Unknown hairpin loop
5XYI_2:446-452	240	252	Unknown hairpin loop
4V9F_0:1793-1799	241	253	GNRA
4RUM_A:27-33	241	253	Unknown hairpin loop
4LFB_A:458-474	241	253	Unknown hairpin loop
6D9J_2:571-579	242	254	Unknown hairpin loop
5OQL_1:1106-1114	242	254	Unknown hairpin loop
5MGP_x:32-38	243	255	Unknown hairpin loop
5TC1_R:904-913	244	256	Unknown hairpin loop
4V9F_0:55-64	244	256	Unknown hairpin loop
5E81_2K:13-23	245	257	Unknown hairpin loop
1H4S_T:13-22	245	257	Unknown hairpin loop
4V90_AV:13-22	245	257	Unknown hairpin loop
4V9F_0:837-846	246	258	Unknown hairpin loop
6D9J_8:121-129	247	259	Unknown hairpin loop
3J7Q_8:121-129	247	259	Unknown hairpin loop
2W2H_R:8-19	248	260	Unknown hairpin loop
5XYI_2:1047-1055	249	261	Unknown hairpin loop
4R4V_A:626-634	249	261	Unknown hairpin loop
2VPL_B:19-26	250	262	Unknown hairpin loop
3J7P_S2:819-829	251	263	Unknown hairpin loop
5J7L_DA:382-392	251	263	Unknown hairpin loop
6D9J_2:819-829	251	263	Unknown hairpin loop
6ERI_AA:142-152	251	263	Unknown hairpin loop
4V5O_BA:1330-1336	252	264	Unknown hairpin loop
6GAZ_AV:13-19	252	264	Unknown hairpin loop
3J9M_AA:702-707	253	265	Unknown hairpin loop
5T2A_B:1448-1452	254	266	Unknown hairpin loop
3WQY_C:1633-1637	254	266	Unknown hairpin loop
6HA1_a:973-982	255	267	Unknown hairpin loop
3AM1_B:18-23	256	268	Unknown hairpin loop
3R4F_A:25-30	256	268	Unknown hairpin loop
5NGM_Aa:192-199	257	269	Unknown hairpin loop
5J7L_DA:2404-2413	258	270	Unknown hairpin loop
5TC1_R:2043-2050	259	271	Unknown hairpin loop
4IOA_X:1919-1926	259	271	Unknown hairpin loop
5XXU_2:520-530	260	272	Unknown hairpin loop
3WFS_A:32-38	261	273	Unknown hairpin loop
6AZ3_1:758-764	261	273	Unknown hairpin loop
4V4J_2:32-38	261	273	Unknown hairpin loop
5CZZ_B:59-65	261	273	Unknown hairpin loop
5O60_A:224-230	261	273	Unknown hairpin loop
6HA1_a:1174-1180	261	273	Unknown hairpin loop
5MRC_A:505-511	261	273	Unknown hairpin loop
5XYI_2:870-877	262	274	Unknown hairpin loop
4YYE_C:13-22	263	275	Unknown hairpin loop
3MJA_B:6184-6193	263	275	Unknown hairpin loop
2D6F_F:913-922	263	275	Unknown hairpin loop
6GAW_BA:509-519	264	276	Unknown hairpin loop
4V8P_D1:2622-2634	265	277	Unknown hairpin loop
6HA1_A:2433-2442	266	278	Unknown hairpin loop
3KFU_L:13-22	266	278	Unknown hairpin loop
4WF9_X:2431-2440	266	278	Unknown hairpin loop
5V93_a:258-266	267	279	Unknown hairpin loop
4WF9_X:587-594	268	280	Unknown hairpin loop
5C45_X:36-43	268	280	Unknown hairpin loop
3F2X_X:36-43	268	280	Unknown hairpin loop
6DN2_X:36-43	268	280	Unknown hairpin loop
5T5H_A:130-137	268	280	Unknown hairpin loop
5VZL_B:41-47	269	281	Unknown hairpin loop
5OOL_A:1934-1940	269	281	Unknown hairpin loop
5J7L_AA:1090-1095	270	282	Unknown hairpin loop
5NGM_Aa:1101-1106	270	282	Unknown hairpin loop
4LFB_A:1090-1095	270	282	Unknown hairpin loop
5V93_a:1081-1086	270	282	Unknown hairpin loop
3J7Q_5:1436-1448	271	283	Unknown hairpin loop
5LZS_2:32-38	272	284	Unknown hairpin loop
4V9F_0:1705-1713	273	285	GNRA
6ERI_AB:15-23	273	285	Unknown hairpin loop
6GAW_BA:906-915	274	286	Unknown hairpin loop
5J7L_DA:59-68	274	286	Unknown hairpin loop
3J9M_AA:989-998	275	287	Unknown hairpin loop
4V88_A6:1396-1402	276	288	GNRA
3CUL_C:70-76	276	288	Unknown hairpin loop
6ERI_AA:653-659	276	288	Unknown hairpin loop
3J7A_A:1642-1648	276	288	Unknown hairpin loop
6FYY_2:1394-1400	276	288	Unknown hairpin loop
5OPT_E:569-582	277	289	Unknown hairpin loop
6GAW_BB:12-24	277	289	Unknown hairpin loop
6AZ1_1:564-577	277	289	Unknown hairpin loop
1ET4_A:219-226	278	290	Unknown hairpin loop
5K36_L:2-12	279	291	Unknown hairpin loop
5B2P_B:64-68	280	292	Unknown hairpin loop
4V8P_D1:278-285	281	293	Unknown hairpin loop
6ERI_AA:1092-1102	282	294	Unknown hairpin loop
5NWQ_A:20-29	283	295	Unknown hairpin loop
6GAZ_AA:740-746	284	296	Unknown hairpin loop
1SER_T:12-23	285	297	Unknown hairpin loop
5VZL_B:105-109	286	298	Unknown hairpin loop
5F9R_A:105-109	286	298	Unknown hairpin loop
4C9D_D:21-25	286	298	Unknown hairpin loop
3J7P_S2:288-295	287	299	Unknown hairpin loop
2Y9H_J:10-17	287	299	Unknown hairpin loop
4WFL_A:20-30	288	300	Unknown hairpin loop
3Q50_A:5-16	289	301	Unknown hairpin loop
4V9F_0:2389-2399	289	301	Unknown hairpin loop
2A64_A:97-108	290	302	Unknown hairpin loop
3IVK_M:1-12	290	302	Unknown hairpin loop
3HHN_E:1-12	290	302	Unknown hairpin loop
5IBB_1K:13-22	291	303	Unknown hairpin loop
5XY3_1:1887-1896	291	303	Unknown hairpin loop
4W29_AX:13-22	291	303	Unknown hairpin loop
6HIX_AA:406-414	292	304	Unknown hairpin loop
5MRC_A:1849-1857	292	304	Unknown hairpin loop
4V9F_0:312-319	293	305	TL
5MRC_A:2737-2745	293	305	Unknown hairpin loop
5XY3_1:1680-1687	293	305	Unknown hairpin loop
3J79_A:883-890	293	305	Unknown hairpin loop
5TC1_R:980-987	293	305	Unknown hairpin loop
5OPT_E:1705-1716	294	306	Unknown hairpin loop
5MRC_A:286-292	295	307	Unknown hairpin loop
6AZ3_2:791-804	296	308	Unknown hairpin loop
4V5O_BA:760-766	297	309	Unknown hairpin loop
2QWY_C:7-25	298	310	Unknown hairpin loop
5XXB_4:69-89	298	310	Unknown hairpin loop
5TBW_4:69-89	298	310	Unknown hairpin loop
3J7Q_8:69-89	298	310	Unknown hairpin loop
4V91_4:69-89	298	310	Unknown hairpin loop
2GDI_X:27-33	299	311	Unknown hairpin loop
5AOX_C:11-18	299	311	Unknown hairpin loop
4LFB_A:1134-1140	299	311	Unknown hairpin loop
3J7P_S2:377-386	300	312	Unknown hairpin loop
5AN9_N:2966-2978	301	313	Unknown hairpin loop
3G9C_Q:40-60	302	314	Unknown hairpin loop
6D9J_8:68-90	302	314	Unknown hairpin loop
5O7H_A:32-38	303	315	Unknown hairpin loop
4V9F_0:195-201	303	315	Unknown hairpin loop
3J7Q_5:4193-4201	304	316	Unknown hairpin loop
2DLC_Y:512-523	305	317	Unknown hairpin loop
5T5H_A:1382-1501	306	318	Unknown hairpin loop
5MRC_aa:851-861	307	319	Unknown hairpin loop
3JBV_W:52-62	307	319	Unknown hairpin loop
6AZ3_2:1457-1468	308	320	Unknown hairpin loop
5V7Q_A:337-346	309	321	Unknown hairpin loop
6ERI_AA:2281-2293	310	322	Unknown hairpin loop
4QK9_A:72-83	311	323	Unknown hairpin loop
3J79_A:3199-3207	312	324	Unknown hairpin loop
4V9F_0:217-223	313	325	GNRA
6AHU_A:294-300	313	325	Unknown hairpin loop
6GAW_BA:1516-1530	314	326	Unknown hairpin loop
3J7P_S2:1291-1307	314	326	Unknown hairpin loop
6GAW_BA:850-864	314	326	Unknown hairpin loop
4LCK_F:52-64	315	327	TL
6DU5_B:7-21	315	327	Unknown hairpin loop
4V8P_D1:3202-3209	316	328	Unknown hairpin loop
6ERI_AA:1195-1202	317	329	Unknown hairpin loop
5OOL_A:2176-2184	318	330	Unknown hairpin loop
5OOL_B:1613-1622	319	331	Unknown hairpin loop
5J7L_DA:1091-1100	320	332	Unknown hairpin loop
4Y4O_2A:1091-1100	320	332	Unknown hairpin loop
6D9J_5:1593-1602	320	332	Unknown hairpin loop
5V7Q_A:160-170	321	333	Unknown hairpin loop
5O60_A:157-167	321	333	Unknown hairpin loop
3J7P_S2:746-795	322	334	Unknown hairpin loop
5FLX_z:280-283	323	335	Unknown hairpin loop
2ANN_B:5-21	324	336	Unknown hairpin loop
6HA1_A:1109-1122	324	336	Unknown hairpin loop
4UYK_R:44-57	324	336	Unknown hairpin loop
5OPT_E:322-331	325	337	Unknown hairpin loop
4V9F_0:252-257	326	338	GNRA
4Y4O_2A:2701-2706	326	338	Unknown hairpin loop
5XXU_2:330-338	327	339	Unknown hairpin loop
4IOA_X:2283-2291	327	339	Unknown hairpin loop
6HA1_A:2333-2341	327	339	Unknown hairpin loop
3AMU_B:13-22	328	340	Unknown hairpin loop
5TC1_R:2840-2852	329	341	Unknown hairpin loop
6CHR_A:47-59	329	341	Unknown hairpin loop
5XXB_1:774-780	330	342	Unknown hairpin loop
6GAW_BA:1198-1205	331	343	Unknown hairpin loop
6HA1_A:1806-1816	332	344	Unknown hairpin loop
3DHS_A:288-297	333	345	Unknown hairpin loop
2A64_A:288-297	333	345	Unknown hairpin loop
5MRC_A:1773-1778	334	346	Unknown hairpin loop
4PR6_B:119-128	335	347	Unknown hairpin loop
4PRF_B:119-128	335	347	Unknown hairpin loop
4V8P_C2:72-90	336	348	Unknown hairpin loop
6DU4_B:7-23	336	348	Unknown hairpin loop
3J79_A:1876-1882	337	349	Unknown hairpin loop
5XY3_1:1811-1817	337	349	Unknown hairpin loop
6HIX_AA:882-889	337	349	Unknown hairpin loop
3D0U_A:90-98	338	350	Unknown hairpin loop
3DIL_A:93-101	338	350	Unknown hairpin loop
5XXU_2:1079-1084	339	351	Unknown hairpin loop
6ERI_AA:210-215	339	351	Unknown hairpin loop
5ZEB_B:34-48	340	352	Unknown hairpin loop
5G2X_A:413-421	341	353	Unknown hairpin loop
4Y4O_2A:884-892	342	354	Unknown hairpin loop
2DU3_D:912-922	343	355	Unknown hairpin loop
5O2R_x:13-22	343	355	Unknown hairpin loop
4LVW_A:34-44	343	355	Unknown hairpin loop
1QU2_T:13-22	343	355	Unknown hairpin loop
6GAZ_AV:49-56	344	356	Unknown hairpin loop
5WTI_B:12-18	345	357	Unknown hairpin loop
5BJO_E:21-27	346	358	Unknown hairpin loop
4GCW_B:53-61	347	359	TL
3JBV_W:31-39	347	359	Unknown hairpin loop
5ZEB_B:83-90	348	360	Unknown hairpin loop
3J7Q_5:5021-5028	348	360	Unknown hairpin loop
5D0B_F:33-37	349	361	Unknown hairpin loop
6GAZ_AA:89-93	349	361	Unknown hairpin loop
4Y4O_2A:2471-2479	350	362	Unknown hairpin loop
6ERI_BA:1081-1090	351	363	Unknown hairpin loop
5LZS_2:13-22	351	363	Unknown hairpin loop
5WTI_B:84-91	352	364	Unknown hairpin loop
3J79_A:286-293	353	365	Unknown hairpin loop
4WF9_X:136-143	353	365	Unknown hairpin loop
5XY3_1:355-361	354	366	Unknown hairpin loop
6HA1_A:1001-1008	355	367	Unknown hairpin loop
4V9F_0:623-632	356	368	TL
5MRC_aa:327-337	356	368	Unknown hairpin loop
5OOL_A:2613-2619	357	369	Unknown hairpin loop
5TC1_R:1722-1729	357	369	Unknown hairpin loop
3IGI_A:47-61	358	370	Unknown hairpin loop
5IT9_i:6183-6193	359	371	Unknown hairpin loop
6HA1_A:932-938	360	372	Unknown hairpin loop
3J7Q_5:1814-1823	361	373	Unknown hairpin loop
4V9F_0:2068-2077	361	373	Unknown hairpin loop
5O60_A:2628-2637	362	374	Unknown hairpin loop
6G90_1:25-36	363	375	Unknown hairpin loop
5XYI_2:720-729	364	376	Unknown hairpin loop
3JB9_N:58-64	365	377	Unknown hairpin loop
4V9I_AY:32-38	365	377	Unknown hairpin loop
3Q1Q_B:29-34	366	378	GNRA
4ZNP_A:58-68	367	379	Unknown hairpin loop
5OQL_1:380-386	368	380	Unknown hairpin loop
6GSL_3L:31-41	369	381	Unknown hairpin loop
2BTE_B:12-23	370	382	Unknown hairpin loop
3J7P_S2:569-581	371	383	Unknown hairpin loop
5TPY_A:28-38	372	384	Unknown hairpin loop
3PDR_X:127-136	373	385	Unknown hairpin loop
6HIX_AA:429-437	374	386	Unknown hairpin loop
4V8P_D1:711-718	375	387	Unknown hairpin loop
4UYK_R:21-31	376	388	Unknown hairpin loop
5U3G_B:68-76	377	389	Unknown hairpin loop
6AZ1_1:1915-1924	378	390	Unknown hairpin loop
5OOL_A:1954-1963	378	390	Unknown hairpin loop
5MRC_A:3135-3143	379	391	Unknown hairpin loop
4V8P_D1:3099-3113	380	392	Unknown hairpin loop
4V9F_0:2780-2794	380	392	Unknown hairpin loop
6D3P_A:13-27	380	392	Unknown hairpin loop
5XY3_1:2561-2576	380	392	Unknown hairpin loop
3J7A_7:25-42	381	393	Unknown hairpin loop
3J7Q_5:2317-2322	382	394	Unknown hairpin loop
4V7M_AY:51-61	383	395	Unknown hairpin loop
4X62_b:30-40	384	396	Unknown hairpin loop
5T7V_D:28-42	385	397	Unknown hairpin loop
6D9J_5:2867-2883	385	397	Unknown hairpin loop
3JBV_W:12-23	386	398	Unknown hairpin loop
3J79_A:3740-3749	387	399	Unknown hairpin loop
5XXU_2:1591-1601	388	400	Unknown hairpin loop
6GAW_BA:1238-1243	389	401	Unknown hairpin loop
6HIX_AA:163-168	389	401	Unknown hairpin loop
6GAZ_AA:801-809	390	402	Unknown hairpin loop
3J7Q_5:1252-1258	391	403	Unknown hairpin loop
5OOL_A:2828-2840	392	404	Unknown hairpin loop
4IOA_X:1466-1476	393	405	Unknown hairpin loop
6FYY_2:1548-1559	394	406	Unknown hairpin loop
4V88_A6:1550-1561	394	406	Unknown hairpin loop
4Y4O_2A:305-312	395	407	TL
5O60_A:283-303	396	408	Unknown hairpin loop
6AZ3_1:1751-1761	397	409	Unknown hairpin loop
5T5H_A:1937-1947	397	409	Unknown hairpin loop
4Y4O_2A:566-575	398	410	TL
5XY3_1:603-612	398	410	Unknown hairpin loop
5MRC_A:2671-2680	398	410	Unknown hairpin loop
5XXB_1:1434-1455	399	411	Unknown hairpin loop
